"Date(UTC)","UnixTimeStamp","DateTime","Average Txn Fee (USD)","Average Txn Fee (MATIC)"
"05/31/2020","1590883200","2020-05-31 00:00:00Z","0","0"
"06/01/2020","1590969600","2020-06-01 00:00:00Z","0","0"
"06/02/2020","1591056000","2020-06-02 00:00:00Z","0","0"
"06/03/2020","1591142400","2020-06-03 00:00:00Z","0","0"
"06/04/2020","1591228800","2020-06-04 00:00:00Z","0","0"
"06/05/2020","1591315200","2020-06-05 00:00:00Z","0","0"
"06/06/2020","1591401600","2020-06-06 00:00:00Z","0","0"
"06/07/2020","1591488000","2020-06-07 00:00:00Z","0","0"
"06/08/2020","1591574400","2020-06-08 00:00:00Z","0","0"
"06/09/2020","1591660800","2020-06-09 00:00:00Z","0","0"
"06/10/2020","1591747200","2020-06-10 00:00:00Z","0","0"
"06/11/2020","1591833600","2020-06-11 00:00:00Z","0","0"
"06/12/2020","1591920000","2020-06-12 00:00:00Z","0.00","0"
"06/13/2020","1592006400","2020-06-13 00:00:00Z","0","0"
"06/14/2020","1592092800","2020-06-14 00:00:00Z","0","0"
"06/15/2020","1592179200","2020-06-15 00:00:00Z","0.00","0"
"06/16/2020","1592265600","2020-06-16 00:00:00Z","0.00","0"
"06/17/2020","1592352000","2020-06-17 00:00:00Z","0","0"
"06/18/2020","1592438400","2020-06-18 00:00:00Z","0.00","0"
"06/19/2020","1592524800","2020-06-19 00:00:00Z","0.00","0"
"06/20/2020","1592611200","2020-06-20 00:00:00Z","0.00","0"
"06/21/2020","1592697600","2020-06-21 00:00:00Z","0.00","0"
"06/22/2020","1592784000","2020-06-22 00:00:00Z","0","0"
"06/23/2020","1592870400","2020-06-23 00:00:00Z","0.00","0"
"06/24/2020","1592956800","2020-06-24 00:00:00Z","0","0"
"06/25/2020","1593043200","2020-06-25 00:00:00Z","0","0"
"06/26/2020","1593129600","2020-06-26 00:00:00Z","0","0"
"06/27/2020","1593216000","2020-06-27 00:00:00Z","0.00","0"
"06/28/2020","1593302400","2020-06-28 00:00:00Z","0","0"
"06/29/2020","1593388800","2020-06-29 00:00:00Z","0.00","0"
"06/30/2020","1593475200","2020-06-30 00:00:00Z","0.00","0"
"07/01/2020","1593561600","2020-07-01 00:00:00Z","0","0"
"07/02/2020","1593648000","2020-07-02 00:00:00Z","0.00","0"
"07/03/2020","1593734400","2020-07-03 00:00:00Z","0.00","0"
"07/04/2020","1593820800","2020-07-04 00:00:00Z","0.00","0"
"07/05/2020","1593907200","2020-07-05 00:00:00Z","0.00","0"
"07/06/2020","1593993600","2020-07-06 00:00:00Z","0.00","0"
"07/07/2020","1594080000","2020-07-07 00:00:00Z","0.00","0"
"07/08/2020","1594166400","2020-07-08 00:00:00Z","0.00","0"
"07/09/2020","1594252800","2020-07-09 00:00:00Z","0.00","0"
"07/10/2020","1594339200","2020-07-10 00:00:00Z","0","0"
"07/11/2020","1594425600","2020-07-11 00:00:00Z","0.00","0"
"07/12/2020","1594512000","2020-07-12 00:00:00Z","0.00","0"
"07/13/2020","1594598400","2020-07-13 00:00:00Z","0.00","0"
"07/14/2020","1594684800","2020-07-14 00:00:00Z","0","0"
"07/15/2020","1594771200","2020-07-15 00:00:00Z","0.00","0"
"07/16/2020","1594857600","2020-07-16 00:00:00Z","0.00","0"
"07/17/2020","1594944000","2020-07-17 00:00:00Z","0.00","0"
"07/18/2020","1595030400","2020-07-18 00:00:00Z","0.00","0"
"07/19/2020","1595116800","2020-07-19 00:00:00Z","0.00","0"
"07/20/2020","1595203200","2020-07-20 00:00:00Z","0.00","0"
"07/21/2020","1595289600","2020-07-21 00:00:00Z","0.00","0"
"07/22/2020","1595376000","2020-07-22 00:00:00Z","0.00","0"
"07/23/2020","1595462400","2020-07-23 00:00:00Z","0.00","0"
"07/24/2020","1595548800","2020-07-24 00:00:00Z","0.00","0"
"07/25/2020","1595635200","2020-07-25 00:00:00Z","0.00","0"
"07/26/2020","1595721600","2020-07-26 00:00:00Z","0.00","0"
"07/27/2020","1595808000","2020-07-27 00:00:00Z","0.00","0"
"07/28/2020","1595894400","2020-07-28 00:00:00Z","0.00","0"
"07/29/2020","1595980800","2020-07-29 00:00:00Z","0.00","0"
"07/30/2020","1596067200","2020-07-30 00:00:00Z","0.00","0"
"07/31/2020","1596153600","2020-07-31 00:00:00Z","0.00","0"
"08/01/2020","1596240000","2020-08-01 00:00:00Z","0.00","0"
"08/02/2020","1596326400","2020-08-02 00:00:00Z","0.00","0"
"08/03/2020","1596412800","2020-08-03 00:00:00Z","0.00","0"
"08/04/2020","1596499200","2020-08-04 00:00:00Z","0.00","0"
"08/05/2020","1596585600","2020-08-05 00:00:00Z","0.00","0"
"08/06/2020","1596672000","2020-08-06 00:00:00Z","0.00","0"
"08/07/2020","1596758400","2020-08-07 00:00:00Z","0.00","0"
"08/08/2020","1596844800","2020-08-08 00:00:00Z","0.00","0"
"08/09/2020","1596931200","2020-08-09 00:00:00Z","0.00","0"
"08/10/2020","1597017600","2020-08-10 00:00:00Z","0.00","0"
"08/11/2020","1597104000","2020-08-11 00:00:00Z","0.00","0"
"08/12/2020","1597190400","2020-08-12 00:00:00Z","0.00","0"
"08/13/2020","1597276800","2020-08-13 00:00:00Z","0.00","0"
"08/14/2020","1597363200","2020-08-14 00:00:00Z","0.00","0"
"08/15/2020","1597449600","2020-08-15 00:00:00Z","0.00","0"
"08/16/2020","1597536000","2020-08-16 00:00:00Z","0.00","0"
"08/17/2020","1597622400","2020-08-17 00:00:00Z","0.00","0"
"08/18/2020","1597708800","2020-08-18 00:00:00Z","0.00","0"
"08/19/2020","1597795200","2020-08-19 00:00:00Z","0.00","0"
"08/20/2020","1597881600","2020-08-20 00:00:00Z","0.00","0"
"08/21/2020","1597968000","2020-08-21 00:00:00Z","0.00","0"
"08/22/2020","1598054400","2020-08-22 00:00:00Z","0.00","0"
"08/23/2020","1598140800","2020-08-23 00:00:00Z","0.00","0"
"08/24/2020","1598227200","2020-08-24 00:00:00Z","0.00","0"
"08/25/2020","1598313600","2020-08-25 00:00:00Z","0.00","0"
"08/26/2020","1598400000","2020-08-26 00:00:00Z","0.00","0"
"08/27/2020","1598486400","2020-08-27 00:00:00Z","0.00","0"
"08/28/2020","1598572800","2020-08-28 00:00:00Z","0.00","0"
"08/29/2020","1598659200","2020-08-29 00:00:00Z","0.00","0"
"08/30/2020","1598745600","2020-08-30 00:00:00Z","0.00","0"
"08/31/2020","1598832000","2020-08-31 00:00:00Z","0.00","0"
"09/01/2020","1598918400","2020-09-01 00:00:00Z","0.00","0"
"09/02/2020","1599004800","2020-09-02 00:00:00Z","0.00","0"
"09/03/2020","1599091200","2020-09-03 00:00:00Z","0.00","0"
"09/04/2020","1599177600","2020-09-04 00:00:00Z","0.00","0"
"09/05/2020","1599264000","2020-09-05 00:00:00Z","0.00","0"
"09/06/2020","1599350400","2020-09-06 00:00:00Z","0.00","0"
"09/07/2020","1599436800","2020-09-07 00:00:00Z","0.00","0"
"09/08/2020","1599523200","2020-09-08 00:00:00Z","0.00","0"
"09/09/2020","1599609600","2020-09-09 00:00:00Z","0.00","0"
"09/10/2020","1599696000","2020-09-10 00:00:00Z","0.00","0"
"09/11/2020","1599782400","2020-09-11 00:00:00Z","0.00","0"
"09/12/2020","1599868800","2020-09-12 00:00:00Z","0.00","0"
"09/13/2020","1599955200","2020-09-13 00:00:00Z","0.00","0"
"09/14/2020","1600041600","2020-09-14 00:00:00Z","0.00","0"
"09/15/2020","1600128000","2020-09-15 00:00:00Z","0.00","0"
"09/16/2020","1600214400","2020-09-16 00:00:00Z","0.00","0"
"09/17/2020","1600300800","2020-09-17 00:00:00Z","0.00","0"
"09/18/2020","1600387200","2020-09-18 00:00:00Z","0.00","0"
"09/19/2020","1600473600","2020-09-19 00:00:00Z","0.00","0"
"09/20/2020","1600560000","2020-09-20 00:00:00Z","0.00","0"
"09/21/2020","1600646400","2020-09-21 00:00:00Z","0.00","0"
"09/22/2020","1600732800","2020-09-22 00:00:00Z","0.00","0"
"09/23/2020","1600819200","2020-09-23 00:00:00Z","0.00","0"
"09/24/2020","1600905600","2020-09-24 00:00:00Z","0.00","0"
"09/25/2020","1600992000","2020-09-25 00:00:00Z","0.00","0"
"09/26/2020","1601078400","2020-09-26 00:00:00Z","0.00","0"
"09/27/2020","1601164800","2020-09-27 00:00:00Z","0.00","0"
"09/28/2020","1601251200","2020-09-28 00:00:00Z","0.00","0"
"09/29/2020","1601337600","2020-09-29 00:00:00Z","0.00","0"
"09/30/2020","1601424000","2020-09-30 00:00:00Z","0.00","0"
"10/01/2020","1601510400","2020-10-01 00:00:00Z","0.00","0"
"10/02/2020","1601596800","2020-10-02 00:00:00Z","0.00","0"
"10/03/2020","1601683200","2020-10-03 00:00:00Z","0.00","0"
"10/04/2020","1601769600","2020-10-04 00:00:00Z","0.00","0"
"10/05/2020","1601856000","2020-10-05 00:00:00Z","0.00","0"
"10/06/2020","1601942400","2020-10-06 00:00:00Z","0.00","0"
"10/07/2020","1602028800","2020-10-07 00:00:00Z","0.00","0"
"10/08/2020","1602115200","2020-10-08 00:00:00Z","0.00","0"
"10/09/2020","1602201600","2020-10-09 00:00:00Z","0.00","0"
"10/10/2020","1602288000","2020-10-10 00:00:00Z","0.00","0"
"10/11/2020","1602374400","2020-10-11 00:00:00Z","0.00","0"
"10/12/2020","1602460800","2020-10-12 00:00:00Z","0.00","0"
"10/13/2020","1602547200","2020-10-13 00:00:00Z","0.00","0"
"10/14/2020","1602633600","2020-10-14 00:00:00Z","0.00","0"
"10/15/2020","1602720000","2020-10-15 00:00:00Z","0.00","0"
"10/16/2020","1602806400","2020-10-16 00:00:00Z","0.00","0"
"10/17/2020","1602892800","2020-10-17 00:00:00Z","0.00","0"
"10/18/2020","1602979200","2020-10-18 00:00:00Z","0.00","0"
"10/19/2020","1603065600","2020-10-19 00:00:00Z","0.00","0"
"10/20/2020","1603152000","2020-10-20 00:00:00Z","0.00","0"
"10/21/2020","1603238400","2020-10-21 00:00:00Z","0.00","0"
"10/22/2020","1603324800","2020-10-22 00:00:00Z","0.00","0"
"10/23/2020","1603411200","2020-10-23 00:00:00Z","0.00","0"
"10/24/2020","1603497600","2020-10-24 00:00:00Z","0.00","0"
"10/25/2020","1603584000","2020-10-25 00:00:00Z","0.00","0"
"10/26/2020","1603670400","2020-10-26 00:00:00Z","0.00","0"
"10/27/2020","1603756800","2020-10-27 00:00:00Z","0.00","0"
"10/28/2020","1603843200","2020-10-28 00:00:00Z","0.00","0"
"10/29/2020","1603929600","2020-10-29 00:00:00Z","0.00","0"
"10/30/2020","1604016000","2020-10-30 00:00:00Z","0.00","0"
"10/31/2020","1604102400","2020-10-31 00:00:00Z","0.00","0"
"11/01/2020","1604188800","2020-11-01 00:00:00Z","0.00","0"
"11/02/2020","1604275200","2020-11-02 00:00:00Z","0.00","0"
"11/03/2020","1604361600","2020-11-03 00:00:00Z","0.00","0"
"11/04/2020","1604448000","2020-11-04 00:00:00Z","0.00","0"
"11/05/2020","1604534400","2020-11-05 00:00:00Z","0.00","0"
"11/06/2020","1604620800","2020-11-06 00:00:00Z","0.00","0"
"11/07/2020","1604707200","2020-11-07 00:00:00Z","0.00","0"
"11/08/2020","1604793600","2020-11-08 00:00:00Z","0.00","0"
"11/09/2020","1604880000","2020-11-09 00:00:00Z","0.00","0"
"11/10/2020","1604966400","2020-11-10 00:00:00Z","0.00","0"
"11/11/2020","1605052800","2020-11-11 00:00:00Z","0.00","0"
"11/12/2020","1605139200","2020-11-12 00:00:00Z","0.00","0"
"11/13/2020","1605225600","2020-11-13 00:00:00Z","0.00","0"
"11/14/2020","1605312000","2020-11-14 00:00:00Z","0.00","0"
"11/15/2020","1605398400","2020-11-15 00:00:00Z","0.00","0"
"11/16/2020","1605484800","2020-11-16 00:00:00Z","0.00","0"
"11/17/2020","1605571200","2020-11-17 00:00:00Z","0.00","0"
"11/18/2020","1605657600","2020-11-18 00:00:00Z","0.00","0"
"11/19/2020","1605744000","2020-11-19 00:00:00Z","0.00","0"
"11/20/2020","1605830400","2020-11-20 00:00:00Z","0.00","0"
"11/21/2020","1605916800","2020-11-21 00:00:00Z","0.00","0"
"11/22/2020","1606003200","2020-11-22 00:00:00Z","0.00","0"
"11/23/2020","1606089600","2020-11-23 00:00:00Z","0.00","0"
"11/24/2020","1606176000","2020-11-24 00:00:00Z","0.00","0"
"11/25/2020","1606262400","2020-11-25 00:00:00Z","0.00","0"
"11/26/2020","1606348800","2020-11-26 00:00:00Z","0.00","0"
"11/27/2020","1606435200","2020-11-27 00:00:00Z","0.00","0"
"11/28/2020","1606521600","2020-11-28 00:00:00Z","0.00","0"
"11/29/2020","1606608000","2020-11-29 00:00:00Z","0.00","0"
"11/30/2020","1606694400","2020-11-30 00:00:00Z","0.00","0"
"12/01/2020","1606780800","2020-12-01 00:00:00Z","0.00","0"
"12/02/2020","1606867200","2020-12-02 00:00:00Z","0.00","0"
"12/03/2020","1606953600","2020-12-03 00:00:00Z","0.00","0"
"12/04/2020","1607040000","2020-12-04 00:00:00Z","0.00","0"
"12/05/2020","1607126400","2020-12-05 00:00:00Z","0.00","0"
"12/06/2020","1607212800","2020-12-06 00:00:00Z","0.00","0"
"12/07/2020","1607299200","2020-12-07 00:00:00Z","0.00","0"
"12/08/2020","1607385600","2020-12-08 00:00:00Z","0.00","0"
"12/09/2020","1607472000","2020-12-09 00:00:00Z","0.00","0"
"12/10/2020","1607558400","2020-12-10 00:00:00Z","0.00","0"
"12/11/2020","1607644800","2020-12-11 00:00:00Z","0.00","0"
"12/12/2020","1607731200","2020-12-12 00:00:00Z","0.00","0"
"12/13/2020","1607817600","2020-12-13 00:00:00Z","0.00","0"
"12/14/2020","1607904000","2020-12-14 00:00:00Z","0.00","0"
"12/15/2020","1607990400","2020-12-15 00:00:00Z","0.00","0"
"12/16/2020","1608076800","2020-12-16 00:00:00Z","0.00","0"
"12/17/2020","1608163200","2020-12-17 00:00:00Z","0.00","0"
"12/18/2020","1608249600","2020-12-18 00:00:00Z","0.00","0"
"12/19/2020","1608336000","2020-12-19 00:00:00Z","0.00","0"
"12/20/2020","1608422400","2020-12-20 00:00:00Z","0.00","0"
"12/21/2020","1608508800","2020-12-21 00:00:00Z","0.00","0"
"12/22/2020","1608595200","2020-12-22 00:00:00Z","0.00","0"
"12/23/2020","1608681600","2020-12-23 00:00:00Z","0.00","0"
"12/24/2020","1608768000","2020-12-24 00:00:00Z","0.00","0"
"12/25/2020","1608854400","2020-12-25 00:00:00Z","0.00","0"
"12/26/2020","1608940800","2020-12-26 00:00:00Z","0.00","0"
"12/27/2020","1609027200","2020-12-27 00:00:00Z","0.00","0"
"12/28/2020","1609113600","2020-12-28 00:00:00Z","0.00","0"
"12/29/2020","1609200000","2020-12-29 00:00:00Z","0.00","0"
"12/30/2020","1609286400","2020-12-30 00:00:00Z","0.00","0"
"12/31/2020","1609372800","2020-12-31 00:00:00Z","0.00","0"
"01/01/2021","1609459200","2021-01-01 00:00:00Z","0.00","0"
"01/02/2021","1609545600","2021-01-02 00:00:00Z","0.00","0"
"01/03/2021","1609632000","2021-01-03 00:00:00Z","0.00","0"
"01/04/2021","1609718400","2021-01-04 00:00:00Z","0.00","0"
"01/05/2021","1609804800","2021-01-05 00:00:00Z","0.00","0"
"01/06/2021","1609891200","2021-01-06 00:00:00Z","0.00","0"
"01/07/2021","1609977600","2021-01-07 00:00:00Z","0.00","0"
"01/08/2021","1610064000","2021-01-08 00:00:00Z","0.00","0"
"01/09/2021","1610150400","2021-01-09 00:00:00Z","0.00","0"
"01/10/2021","1610236800","2021-01-10 00:00:00Z","0.00","0"
"01/11/2021","1610323200","2021-01-11 00:00:00Z","0.00","0"
"01/12/2021","1610409600","2021-01-12 00:00:00Z","0.00","0"
"01/13/2021","1610496000","2021-01-13 00:00:00Z","0.00","0"
"01/14/2021","1610582400","2021-01-14 00:00:00Z","0.00","0"
"01/15/2021","1610668800","2021-01-15 00:00:00Z","0.00","0"
"01/16/2021","1610755200","2021-01-16 00:00:00Z","0.00","0"
"01/17/2021","1610841600","2021-01-17 00:00:00Z","0.00","0"
"01/18/2021","1610928000","2021-01-18 00:00:00Z","0.00","0"
"01/19/2021","1611014400","2021-01-19 00:00:00Z","0.00","0"
"01/20/2021","1611100800","2021-01-20 00:00:00Z","0.00","0"
"01/21/2021","1611187200","2021-01-21 00:00:00Z","0.00","0"
"01/22/2021","1611273600","2021-01-22 00:00:00Z","0.00","0"
"01/23/2021","1611360000","2021-01-23 00:00:00Z","0.00","0"
"01/24/2021","1611446400","2021-01-24 00:00:00Z","0.00","0"
"01/25/2021","1611532800","2021-01-25 00:00:00Z","0.00","0"
"01/26/2021","1611619200","2021-01-26 00:00:00Z","0.00","0"
"01/27/2021","1611705600","2021-01-27 00:00:00Z","0.00","0"
"01/28/2021","1611792000","2021-01-28 00:00:00Z","0.00","0"
"01/29/2021","1611878400","2021-01-29 00:00:00Z","0.00","0"
"01/30/2021","1611964800","2021-01-30 00:00:00Z","0.00","0"
"01/31/2021","1612051200","2021-01-31 00:00:00Z","0.00","0"
"02/01/2021","1612137600","2021-02-01 00:00:00Z","0.00","0"
"02/02/2021","1612224000","2021-02-02 00:00:00Z","0.00","0"
"02/03/2021","1612310400","2021-02-03 00:00:00Z","0.00","0"
"02/04/2021","1612396800","2021-02-04 00:00:00Z","0.00","0"
"02/05/2021","1612483200","2021-02-05 00:00:00Z","0.00","0"
"02/06/2021","1612569600","2021-02-06 00:00:00Z","0.00","0"
"02/07/2021","1612656000","2021-02-07 00:00:00Z","0.00","0"
"02/08/2021","1612742400","2021-02-08 00:00:00Z","0.00","0"
"02/09/2021","1612828800","2021-02-09 00:00:00Z","0.00","0"
"02/10/2021","1612915200","2021-02-10 00:00:00Z","0.00","0"
"02/11/2021","1613001600","2021-02-11 00:00:00Z","0.00","0"
"02/12/2021","1613088000","2021-02-12 00:00:00Z","0.00","0"
"02/13/2021","1613174400","2021-02-13 00:00:00Z","0.00","0"
"02/14/2021","1613260800","2021-02-14 00:00:00Z","0.00","0"
"02/15/2021","1613347200","2021-02-15 00:00:00Z","0.00","0"
"02/16/2021","1613433600","2021-02-16 00:00:00Z","0.00","0"
"02/17/2021","1613520000","2021-02-17 00:00:00Z","0.00","0"
"02/18/2021","1613606400","2021-02-18 00:00:00Z","0.00","0"
"02/19/2021","1613692800","2021-02-19 00:00:00Z","0.00","0"
"02/20/2021","1613779200","2021-02-20 00:00:00Z","0.00","0"
"02/21/2021","1613865600","2021-02-21 00:00:00Z","0.00","0"
"02/22/2021","1613952000","2021-02-22 00:00:00Z","0.00","0"
"02/23/2021","1614038400","2021-02-23 00:00:00Z","0.00","0"
"02/24/2021","1614124800","2021-02-24 00:00:00Z","0.00","0"
"02/25/2021","1614211200","2021-02-25 00:00:00Z","0.00","0"
"02/26/2021","1614297600","2021-02-26 00:00:00Z","0.00","0"
"02/27/2021","1614384000","2021-02-27 00:00:00Z","0.00","0"
"02/28/2021","1614470400","2021-02-28 00:00:00Z","0.00","0"
"03/01/2021","1614556800","2021-03-01 00:00:00Z","0.00","0"
"03/02/2021","1614643200","2021-03-02 00:00:00Z","0.00","0"
"03/03/2021","1614729600","2021-03-03 00:00:00Z","0.00","0"
"03/04/2021","1614816000","2021-03-04 00:00:00Z","0.00","0"
"03/05/2021","1614902400","2021-03-05 00:00:00Z","0.00","0"
"03/06/2021","1614988800","2021-03-06 00:00:00Z","0.00","0"
"03/07/2021","1615075200","2021-03-07 00:00:00Z","0.00","0"
"03/08/2021","1615161600","2021-03-08 00:00:00Z","0.00","0"
"03/09/2021","1615248000","2021-03-09 00:00:00Z","0.00","0"
"03/10/2021","1615334400","2021-03-10 00:00:00Z","0.00","0"
"03/11/2021","1615420800","2021-03-11 00:00:00Z","0.00","0"
"03/12/2021","1615507200","2021-03-12 00:00:00Z","0.00","0"
"03/13/2021","1615593600","2021-03-13 00:00:00Z","0.00","0"
"03/14/2021","1615680000","2021-03-14 00:00:00Z","0.00","0"
"03/15/2021","1615766400","2021-03-15 00:00:00Z","0.00","0"
"03/16/2021","1615852800","2021-03-16 00:00:00Z","0.00","0"
"03/17/2021","1615939200","2021-03-17 00:00:00Z","0.00","0"
"03/18/2021","1616025600","2021-03-18 00:00:00Z","0.00","0"
"03/19/2021","1616112000","2021-03-19 00:00:00Z","0.00","0"
"03/20/2021","1616198400","2021-03-20 00:00:00Z","0.00","0"
"03/21/2021","1616284800","2021-03-21 00:00:00Z","0.00","0"
"03/22/2021","1616371200","2021-03-22 00:00:00Z","0.00","0"
"03/23/2021","1616457600","2021-03-23 00:00:00Z","0.00","0"
"03/24/2021","1616544000","2021-03-24 00:00:00Z","0.00","0"
"03/25/2021","1616630400","2021-03-25 00:00:00Z","0.00","0"
"03/26/2021","1616716800","2021-03-26 00:00:00Z","0.00","0"
"03/27/2021","1616803200","2021-03-27 00:00:00Z","0.00","0"
"03/28/2021","1616889600","2021-03-28 00:00:00Z","0.00","0"
"03/29/2021","1616976000","2021-03-29 00:00:00Z","0.00","0"
"03/30/2021","1617062400","2021-03-30 00:00:00Z","0.00","0"
"03/31/2021","1617148800","2021-03-31 00:00:00Z","0.00","0"
"04/01/2021","1617235200","2021-04-01 00:00:00Z","0.00","0"
"04/02/2021","1617321600","2021-04-02 00:00:00Z","0.00","0"
"04/03/2021","1617408000","2021-04-03 00:00:00Z","0.00","0"
"04/04/2021","1617494400","2021-04-04 00:00:00Z","0.00","0"
"04/05/2021","1617580800","2021-04-05 00:00:00Z","0.00","0"
"04/06/2021","1617667200","2021-04-06 00:00:00Z","0.00","0"
"04/07/2021","1617753600","2021-04-07 00:00:00Z","0.00","0"
"04/08/2021","1617840000","2021-04-08 00:00:00Z","0.00","0"
"04/09/2021","1617926400","2021-04-09 00:00:00Z","0.00","0"
"04/10/2021","1618012800","2021-04-10 00:00:00Z","0.00","0"
"04/11/2021","1618099200","2021-04-11 00:00:00Z","0.00","0"
"04/12/2021","1618185600","2021-04-12 00:00:00Z","0.00","0"
"04/13/2021","1618272000","2021-04-13 00:00:00Z","0.00","0"
"04/14/2021","1618358400","2021-04-14 00:00:00Z","0.00","0"
"04/15/2021","1618444800","2021-04-15 00:00:00Z","0.00","0"
"04/16/2021","1618531200","2021-04-16 00:00:00Z","0.00","0"
"04/17/2021","1618617600","2021-04-17 00:00:00Z","0.00","0"
"04/18/2021","1618704000","2021-04-18 00:00:00Z","0.00","0"
"04/19/2021","1618790400","2021-04-19 00:00:00Z","0.00","0"
"04/20/2021","1618876800","2021-04-20 00:00:00Z","0.00","0"
"04/21/2021","1618963200","2021-04-21 00:00:00Z","0.00","0"
"04/22/2021","1619049600","2021-04-22 00:00:00Z","0.00","0"
"04/23/2021","1619136000","2021-04-23 00:00:00Z","0.00","0"
"04/24/2021","1619222400","2021-04-24 00:00:00Z","0.00","0"
"04/25/2021","1619308800","2021-04-25 00:00:00Z","0.00","0"
"04/26/2021","1619395200","2021-04-26 00:00:00Z","0.00","0"
"04/27/2021","1619481600","2021-04-27 00:00:00Z","0.00","0"
"04/28/2021","1619568000","2021-04-28 00:00:00Z","0.00","0"
"04/29/2021","1619654400","2021-04-29 00:00:00Z","0.00","0"
"04/30/2021","1619740800","2021-04-30 00:00:00Z","0.00","0"
"05/01/2021","1619827200","2021-05-01 00:00:00Z","0.00","0"
"05/02/2021","1619913600","2021-05-02 00:00:00Z","0.00","0"
"05/03/2021","1620000000","2021-05-03 00:00:00Z","0.00","0"
"05/04/2021","1620086400","2021-05-04 00:00:00Z","0.00","0"
"05/05/2021","1620172800","2021-05-05 00:00:00Z","0.00","0"
"05/06/2021","1620259200","2021-05-06 00:00:00Z","0.00","0"
"05/07/2021","1620345600","2021-05-07 00:00:00Z","0.00","0"
"05/08/2021","1620432000","2021-05-08 00:00:00Z","0.00","0"
"05/09/2021","1620518400","2021-05-09 00:00:00Z","0.00","0"
"05/10/2021","1620604800","2021-05-10 00:00:00Z","0.00","0"
"05/11/2021","1620691200","2021-05-11 00:00:00Z","0.00","0"
"05/12/2021","1620777600","2021-05-12 00:00:00Z","0.00","0"
"05/13/2021","1620864000","2021-05-13 00:00:00Z","0.00","0"
"05/14/2021","1620950400","2021-05-14 00:00:00Z","0.00","0"
"05/15/2021","1621036800","2021-05-15 00:00:00Z","0.00","0"
"05/16/2021","1621123200","2021-05-16 00:00:00Z","0.00","0"
"05/17/2021","1621209600","2021-05-17 00:00:00Z","0.00","0"
"05/18/2021","1621296000","2021-05-18 00:00:00Z","0.00","0"
"05/19/2021","1621382400","2021-05-19 00:00:00Z","0.00","0"
"05/20/2021","1621468800","2021-05-20 00:00:00Z","0.00","0"
"05/21/2021","1621555200","2021-05-21 00:00:00Z","0.00","0"
"05/22/2021","1621641600","2021-05-22 00:00:00Z","0.00","0"
"05/23/2021","1621728000","2021-05-23 00:00:00Z","0.00","0"
"05/24/2021","1621814400","2021-05-24 00:00:00Z","0.00","0"
"05/25/2021","1621900800","2021-05-25 00:00:00Z","0.00","0"
"05/26/2021","1621987200","2021-05-26 00:00:00Z","0.00","0"
"05/27/2021","1622073600","2021-05-27 00:00:00Z","0.00","0"
"05/28/2021","1622160000","2021-05-28 00:00:00Z","0.00","0"
"05/29/2021","1622246400","2021-05-29 00:00:00Z","0.00","0"
"05/30/2021","1622332800","2021-05-30 00:00:00Z","0.00","0"
"05/31/2021","1622419200","2021-05-31 00:00:00Z","0.00","0"
"06/01/2021","1622505600","2021-06-01 00:00:00Z","0.00","0"
"06/02/2021","1622592000","2021-06-02 00:00:00Z","0.00","0"
"06/03/2021","1622678400","2021-06-03 00:00:00Z","0.00","0"
"06/04/2021","1622764800","2021-06-04 00:00:00Z","0.00","0"
"06/05/2021","1622851200","2021-06-05 00:00:00Z","0.00","0"
"06/06/2021","1622937600","2021-06-06 00:00:00Z","0.00","0"
"06/07/2021","1623024000","2021-06-07 00:00:00Z","0.00","0"
"06/08/2021","1623110400","2021-06-08 00:00:00Z","0.00","0"
"06/09/2021","1623196800","2021-06-09 00:00:00Z","0.00","0"
"06/10/2021","1623283200","2021-06-10 00:00:00Z","0.00","0"
"06/11/2021","1623369600","2021-06-11 00:00:00Z","0.00","0"
"06/12/2021","1623456000","2021-06-12 00:00:00Z","0.00","0"
"06/13/2021","1623542400","2021-06-13 00:00:00Z","0.00","0"
"06/14/2021","1623628800","2021-06-14 00:00:00Z","0.00","0"
"06/15/2021","1623715200","2021-06-15 00:00:00Z","0.00","0"
"06/16/2021","1623801600","2021-06-16 00:00:00Z","0.00","0"
"06/17/2021","1623888000","2021-06-17 00:00:00Z","0.00","0"
"06/18/2021","1623974400","2021-06-18 00:00:00Z","0.00","0"
"06/19/2021","1624060800","2021-06-19 00:00:00Z","0.00","0"
"06/20/2021","1624147200","2021-06-20 00:00:00Z","0.00","0"
"06/21/2021","1624233600","2021-06-21 00:00:00Z","0.00","0"
"06/22/2021","1624320000","2021-06-22 00:00:00Z","0.00","0"
"06/23/2021","1624406400","2021-06-23 00:00:00Z","0.00","0"
"06/24/2021","1624492800","2021-06-24 00:00:00Z","0.00","0"
"06/25/2021","1624579200","2021-06-25 00:00:00Z","0.00","0"
"06/26/2021","1624665600","2021-06-26 00:00:00Z","0.00","0"
"06/27/2021","1624752000","2021-06-27 00:00:00Z","0.00","0"
"06/28/2021","1624838400","2021-06-28 00:00:00Z","0.00","0"
"06/29/2021","1624924800","2021-06-29 00:00:00Z","0.00","0"
"06/30/2021","1625011200","2021-06-30 00:00:00Z","0.00","0"
"07/01/2021","1625097600","2021-07-01 00:00:00Z","0.00","0"
"07/02/2021","1625184000","2021-07-02 00:00:00Z","0.00","0"
"07/03/2021","1625270400","2021-07-03 00:00:00Z","0.00","0"
"07/04/2021","1625356800","2021-07-04 00:00:00Z","0.00","0"
"07/05/2021","1625443200","2021-07-05 00:00:00Z","0.00","0"
"07/06/2021","1625529600","2021-07-06 00:00:00Z","0.00","0"
"07/07/2021","1625616000","2021-07-07 00:00:00Z","0.00","0"
"07/08/2021","1625702400","2021-07-08 00:00:00Z","0.00","0"
"07/09/2021","1625788800","2021-07-09 00:00:00Z","0.00","0"
"07/10/2021","1625875200","2021-07-10 00:00:00Z","0.00","0"
"07/11/2021","1625961600","2021-07-11 00:00:00Z","0.00","0"
"07/12/2021","1626048000","2021-07-12 00:00:00Z","0.01","0"
"07/13/2021","1626134400","2021-07-13 00:00:00Z","0.00","0"
"07/14/2021","1626220800","2021-07-14 00:00:00Z","0.00","0"
"07/15/2021","1626307200","2021-07-15 00:00:00Z","0.00","0"
"07/16/2021","1626393600","2021-07-16 00:00:00Z","0.00","0"
"07/17/2021","1626480000","2021-07-17 00:00:00Z","0.00","0"
"07/18/2021","1626566400","2021-07-18 00:00:00Z","0.00","0"
"07/19/2021","1626652800","2021-07-19 00:00:00Z","0.00","0"
"07/20/2021","1626739200","2021-07-20 00:00:00Z","0.01","0"
"07/21/2021","1626825600","2021-07-21 00:00:00Z","0.00","0"
"07/22/2021","1626912000","2021-07-22 00:00:00Z","0.00","0"
"07/23/2021","1626998400","2021-07-23 00:00:00Z","0.00","0"
"07/24/2021","1627084800","2021-07-24 00:00:00Z","0.00","0"
"07/25/2021","1627171200","2021-07-25 00:00:00Z","0.00","0"
"07/26/2021","1627257600","2021-07-26 00:00:00Z","0.01","0"
"07/27/2021","1627344000","2021-07-27 00:00:00Z","0.00","0"
"07/28/2021","1627430400","2021-07-28 00:00:00Z","0.00","0"
"07/29/2021","1627516800","2021-07-29 00:00:00Z","0.00","0"
"07/30/2021","1627603200","2021-07-30 00:00:00Z","0.00","0"
"07/31/2021","1627689600","2021-07-31 00:00:00Z","0.00","0"
"08/01/2021","1627776000","2021-08-01 00:00:00Z","0.00","0"
"08/02/2021","1627862400","2021-08-02 00:00:00Z","0.00","0"
"08/03/2021","1627948800","2021-08-03 00:00:00Z","0.00","0"
"08/04/2021","1628035200","2021-08-04 00:00:00Z","0.00","0"
"08/05/2021","1628121600","2021-08-05 00:00:00Z","0.01","0"
"08/06/2021","1628208000","2021-08-06 00:00:00Z","0.00","0"
"08/07/2021","1628294400","2021-08-07 00:00:00Z","0.00","0"
"08/08/2021","1628380800","2021-08-08 00:00:00Z","0.00","0"
"08/09/2021","1628467200","2021-08-09 00:00:00Z","0.00","0"
"08/10/2021","1628553600","2021-08-10 00:00:00Z","0.01","0"
"08/11/2021","1628640000","2021-08-11 00:00:00Z","0.01","0"
"08/12/2021","1628726400","2021-08-12 00:00:00Z","0.01","0"
"08/13/2021","1628812800","2021-08-13 00:00:00Z","0.01","0"
"08/14/2021","1628899200","2021-08-14 00:00:00Z","0.01","0"
"08/15/2021","1628985600","2021-08-15 00:00:00Z","0.01","0"
"08/16/2021","1629072000","2021-08-16 00:00:00Z","0.00","0"
"08/17/2021","1629158400","2021-08-17 00:00:00Z","0.01","0"
"08/18/2021","1629244800","2021-08-18 00:00:00Z","0.01","0"
"08/19/2021","1629331200","2021-08-19 00:00:00Z","0.00","0"
"08/20/2021","1629417600","2021-08-20 00:00:00Z","0.01","0"
"08/21/2021","1629504000","2021-08-21 00:00:00Z","0.01","0"
"08/22/2021","1629590400","2021-08-22 00:00:00Z","0.01","0"
"08/23/2021","1629676800","2021-08-23 00:00:00Z","0.01","0"
"08/24/2021","1629763200","2021-08-24 00:00:00Z","0.01","0"
"08/25/2021","1629849600","2021-08-25 00:00:00Z","0.01","0"
"08/26/2021","1629936000","2021-08-26 00:00:00Z","0.01","0"
"08/27/2021","1630022400","2021-08-27 00:00:00Z","0.01","0"
"08/28/2021","1630108800","2021-08-28 00:00:00Z","0.01","0"
"08/29/2021","1630195200","2021-08-29 00:00:00Z","0.01","0"
"08/30/2021","1630281600","2021-08-30 00:00:00Z","0.01","0"
"08/31/2021","1630368000","2021-08-31 00:00:00Z","0.01","0"
"09/01/2021","1630454400","2021-09-01 00:00:00Z","0.01","0"
"09/02/2021","1630540800","2021-09-02 00:00:00Z","0.00","0"
"09/03/2021","1630627200","2021-09-03 00:00:00Z","0.00","0"
"09/04/2021","1630713600","2021-09-04 00:00:00Z","0.01","0"
"09/05/2021","1630800000","2021-09-05 00:00:00Z","0.01","0"
"09/06/2021","1630886400","2021-09-06 00:00:00Z","0.00","0"
"09/07/2021","1630972800","2021-09-07 00:00:00Z","0.01","0"
"09/08/2021","1631059200","2021-09-08 00:00:00Z","0.01","0"
"09/09/2021","1631145600","2021-09-09 00:00:00Z","0.01","0"
"09/10/2021","1631232000","2021-09-10 00:00:00Z","0.01","0"
"09/11/2021","1631318400","2021-09-11 00:00:00Z","0.00","0"
"09/12/2021","1631404800","2021-09-12 00:00:00Z","0.01","0"
"09/13/2021","1631491200","2021-09-13 00:00:00Z","0.01","0"
"09/14/2021","1631577600","2021-09-14 00:00:00Z","0.00","0"
"09/15/2021","1631664000","2021-09-15 00:00:00Z","0.01","0"
"09/16/2021","1631750400","2021-09-16 00:00:00Z","0.01","0"
"09/17/2021","1631836800","2021-09-17 00:00:00Z","0.01","0"
"09/18/2021","1631923200","2021-09-18 00:00:00Z","0.01","0"
"09/19/2021","1632009600","2021-09-19 00:00:00Z","0.00","0"
"09/20/2021","1632096000","2021-09-20 00:00:00Z","0.01","0"
"09/21/2021","1632182400","2021-09-21 00:00:00Z","0.01","0"
"09/22/2021","1632268800","2021-09-22 00:00:00Z","0.01","0"
"09/23/2021","1632355200","2021-09-23 00:00:00Z","0.00","0"
"09/24/2021","1632441600","2021-09-24 00:00:00Z","0.01","0"
"09/25/2021","1632528000","2021-09-25 00:00:00Z","0.00","0"
"09/26/2021","1632614400","2021-09-26 00:00:00Z","0.00","0"
"09/27/2021","1632700800","2021-09-27 00:00:00Z","0.00","0"
"09/28/2021","1632787200","2021-09-28 00:00:00Z","0.00","0"
"09/29/2021","1632873600","2021-09-29 00:00:00Z","0.00","0"
"09/30/2021","1632960000","2021-09-30 00:00:00Z","0.00","0"
"10/01/2021","1633046400","2021-10-01 00:00:00Z","0.00","0"
"10/02/2021","1633132800","2021-10-02 00:00:00Z","0.00","0"
"10/03/2021","1633219200","2021-10-03 00:00:00Z","0.00","0"
"10/04/2021","1633305600","2021-10-04 00:00:00Z","0.00","0"
"10/05/2021","1633392000","2021-10-05 00:00:00Z","0.01","0"
"10/06/2021","1633478400","2021-10-06 00:00:00Z","0.01","0"
"10/07/2021","1633564800","2021-10-07 00:00:00Z","0.01","0"
"10/08/2021","1633651200","2021-10-08 00:00:00Z","0.01","0"
"10/09/2021","1633737600","2021-10-09 00:00:00Z","0.01","0"
"10/10/2021","1633824000","2021-10-10 00:00:00Z","0.01","0"
"10/11/2021","1633910400","2021-10-11 00:00:00Z","0.01","0"
"10/12/2021","1633996800","2021-10-12 00:00:00Z","0.01","0"
"10/13/2021","1634083200","2021-10-13 00:00:00Z","0.01","0"
"10/14/2021","1634169600","2021-10-14 00:00:00Z","0.01","0"
"10/15/2021","1634256000","2021-10-15 00:00:00Z","0.02","0"
"10/16/2021","1634342400","2021-10-16 00:00:00Z","0.01","0"
"10/17/2021","1634428800","2021-10-17 00:00:00Z","0.01","0"
"10/18/2021","1634515200","2021-10-18 00:00:00Z","0.02","0"
"10/19/2021","1634601600","2021-10-19 00:00:00Z","0.01","0"
"10/20/2021","1634688000","2021-10-20 00:00:00Z","0.01","0"
"10/21/2021","1634774400","2021-10-21 00:00:00Z","0.01","0"
"10/22/2021","1634860800","2021-10-22 00:00:00Z","0.01","0"
"10/23/2021","1634947200","2021-10-23 00:00:00Z","0.01","0"
"10/24/2021","1635033600","2021-10-24 00:00:00Z","0.01","0"
"10/25/2021","1635120000","2021-10-25 00:00:00Z","0.01","0"
"10/26/2021","1635206400","2021-10-26 00:00:00Z","0.01","0"
"10/27/2021","1635292800","2021-10-27 00:00:00Z","0.02","0"
"10/28/2021","1635379200","2021-10-28 00:00:00Z","0.02","0"
"10/29/2021","1635465600","2021-10-29 00:00:00Z","0.02","0"
"10/30/2021","1635552000","2021-10-30 00:00:00Z","0.01","0"
"10/31/2021","1635638400","2021-10-31 00:00:00Z","0.02","0"
"11/01/2021","1635724800","2021-11-01 00:00:00Z","0.02","0"
"11/02/2021","1635811200","2021-11-02 00:00:00Z","0.01","0"
"11/03/2021","1635897600","2021-11-03 00:00:00Z","0.02","0"
"11/04/2021","1635984000","2021-11-04 00:00:00Z","0.02","0"
"11/05/2021","1636070400","2021-11-05 00:00:00Z","0.01","0"
"11/06/2021","1636156800","2021-11-06 00:00:00Z","0.02","0"
"11/07/2021","1636243200","2021-11-07 00:00:00Z","0.02","0"
"11/08/2021","1636329600","2021-11-08 00:00:00Z","0.01","0"
"11/09/2021","1636416000","2021-11-09 00:00:00Z","0.01","0"
"11/10/2021","1636502400","2021-11-10 00:00:00Z","0.02","0"
"11/11/2021","1636588800","2021-11-11 00:00:00Z","0.02","0"
"11/12/2021","1636675200","2021-11-12 00:00:00Z","0.02","0"
"11/13/2021","1636761600","2021-11-13 00:00:00Z","0.02","0"
"11/14/2021","1636848000","2021-11-14 00:00:00Z","0.02","0"
"11/15/2021","1636934400","2021-11-15 00:00:00Z","0.02","0"
"11/16/2021","1637020800","2021-11-16 00:00:00Z","0.02","0"
"11/17/2021","1637107200","2021-11-17 00:00:00Z","0.02","0"
"11/18/2021","1637193600","2021-11-18 00:00:00Z","0.02","0"
"11/19/2021","1637280000","2021-11-19 00:00:00Z","0.02","0"
"11/20/2021","1637366400","2021-11-20 00:00:00Z","0.02","0"
"11/21/2021","1637452800","2021-11-21 00:00:00Z","0.02","0"
"11/22/2021","1637539200","2021-11-22 00:00:00Z","0.02","0"
"11/23/2021","1637625600","2021-11-23 00:00:00Z","0.02","0"
"11/24/2021","1637712000","2021-11-24 00:00:00Z","0.02","0"
"11/25/2021","1637798400","2021-11-25 00:00:00Z","0.02","0"
"11/26/2021","1637884800","2021-11-26 00:00:00Z","0.03","0"
"11/27/2021","1637971200","2021-11-27 00:00:00Z","0.02","0"
"11/28/2021","1638057600","2021-11-28 00:00:00Z","0.02","0"
"11/29/2021","1638144000","2021-11-29 00:00:00Z","0.02","0"
"11/30/2021","1638230400","2021-11-30 00:00:00Z","0.03","0"
"12/01/2021","1638316800","2021-12-01 00:00:00Z","0.03","0"
"12/02/2021","1638403200","2021-12-02 00:00:00Z","0.03","0"
"12/03/2021","1638489600","2021-12-03 00:00:00Z","0.04","0"
"12/04/2021","1638576000","2021-12-04 00:00:00Z","0.06","0"
"12/05/2021","1638662400","2021-12-05 00:00:00Z","0.03","0"
"12/06/2021","1638748800","2021-12-06 00:00:00Z","0.04","0"
"12/07/2021","1638835200","2021-12-07 00:00:00Z","0.03","0"
"12/08/2021","1638921600","2021-12-08 00:00:00Z","0.04","0"
"12/09/2021","1639008000","2021-12-09 00:00:00Z","0.03","0"
"12/10/2021","1639094400","2021-12-10 00:00:00Z","0.03","0"
"12/11/2021","1639180800","2021-12-11 00:00:00Z","0.02","0"
"12/12/2021","1639267200","2021-12-12 00:00:00Z","0.02","0"
"12/13/2021","1639353600","2021-12-13 00:00:00Z","0.03","0"
"12/14/2021","1639440000","2021-12-14 00:00:00Z","0.02","0"
"12/15/2021","1639526400","2021-12-15 00:00:00Z","0.04","0"
"12/16/2021","1639612800","2021-12-16 00:00:00Z","0.04","0"
"12/17/2021","1639699200","2021-12-17 00:00:00Z","0.03","0"
"12/18/2021","1639785600","2021-12-18 00:00:00Z","0.03","0"
"12/19/2021","1639872000","2021-12-19 00:00:00Z","0.04","0"
"12/20/2021","1639958400","2021-12-20 00:00:00Z","0.02","0"
"12/21/2021","1640044800","2021-12-21 00:00:00Z","0.02","0"
"12/22/2021","1640131200","2021-12-22 00:00:00Z","0.03","0"
"12/23/2021","1640217600","2021-12-23 00:00:00Z","0.03","0"
"12/24/2021","1640304000","2021-12-24 00:00:00Z","0.03","0"
"12/25/2021","1640390400","2021-12-25 00:00:00Z","0.03","0"
"12/26/2021","1640476800","2021-12-26 00:00:00Z","0.03","0"
"12/27/2021","1640563200","2021-12-27 00:00:00Z","0.03","0"
"12/28/2021","1640649600","2021-12-28 00:00:00Z","0.03","0"
"12/29/2021","1640736000","2021-12-29 00:00:00Z","0.03","0"
"12/30/2021","1640822400","2021-12-30 00:00:00Z","0.03","0"
"12/31/2021","1640908800","2021-12-31 00:00:00Z","0.05","0"
"01/01/2022","1640995200","2022-01-01 00:00:00Z","0.05","0"
"01/02/2022","1641081600","2022-01-02 00:00:00Z","0.03","0"
"01/03/2022","1641168000","2022-01-03 00:00:00Z","0.05","0"
"01/04/2022","1641254400","2022-01-04 00:00:00Z","0.15","0"
"01/05/2022","1641340800","2022-01-05 00:00:00Z","0.23","0"
"01/06/2022","1641427200","2022-01-06 00:00:00Z","0.20","0"
"01/07/2022","1641513600","2022-01-07 00:00:00Z","0.15","0"
"01/08/2022","1641600000","2022-01-08 00:00:00Z","0.06","0"
"01/09/2022","1641686400","2022-01-09 00:00:00Z","0.03","0"
"01/10/2022","1641772800","2022-01-10 00:00:00Z","0.04","0"
"01/11/2022","1641859200","2022-01-11 00:00:00Z","0.02","0"
"01/12/2022","1641945600","2022-01-12 00:00:00Z","0.02","0"
"01/13/2022","1642032000","2022-01-13 00:00:00Z","0.03","0"
"01/14/2022","1642118400","2022-01-14 00:00:00Z","0.03","0"
"01/15/2022","1642204800","2022-01-15 00:00:00Z","0.03","0"
"01/16/2022","1642291200","2022-01-16 00:00:00Z","0.03","0"
"01/17/2022","1642377600","2022-01-17 00:00:00Z","0.05","0"
"01/18/2022","1642464000","2022-01-18 00:00:00Z","0.06","0"
"01/19/2022","1642550400","2022-01-19 00:00:00Z","0.07","0"
"01/20/2022","1642636800","2022-01-20 00:00:00Z","0.06","0"
"01/21/2022","1642723200","2022-01-21 00:00:00Z","0.08","0"
"01/22/2022","1642809600","2022-01-22 00:00:00Z","0.06","0"
"01/23/2022","1642896000","2022-01-23 00:00:00Z","0.02","0"
"01/24/2022","1642982400","2022-01-24 00:00:00Z","0.04","0"
"01/25/2022","1643068800","2022-01-25 00:00:00Z","0.02","0"
"01/26/2022","1643155200","2022-01-26 00:00:00Z","0.03","0"
"01/27/2022","1643241600","2022-01-27 00:00:00Z","0.02","0"
"01/28/2022","1643328000","2022-01-28 00:00:00Z","0.02","0"
"01/29/2022","1643414400","2022-01-29 00:00:00Z","0.01","0"
"01/30/2022","1643500800","2022-01-30 00:00:00Z","0.01","0"
"01/31/2022","1643587200","2022-01-31 00:00:00Z","0.01","0"
"02/01/2022","1643673600","2022-02-01 00:00:00Z","0.01","0"
"02/02/2022","1643760000","2022-02-02 00:00:00Z","0.02","0"
"02/03/2022","1643846400","2022-02-03 00:00:00Z","0.01","0"
"02/04/2022","1643932800","2022-02-04 00:00:00Z","0.01","0"
"02/05/2022","1644019200","2022-02-05 00:00:00Z","0.01","0"
"02/06/2022","1644105600","2022-02-06 00:00:00Z","0.01","0"
"02/07/2022","1644192000","2022-02-07 00:00:00Z","0.02","0"
"02/08/2022","1644278400","2022-02-08 00:00:00Z","0.02","0"
"02/09/2022","1644364800","2022-02-09 00:00:00Z","0.02","0"
"02/10/2022","1644451200","2022-02-10 00:00:00Z","0.02","0"
"02/11/2022","1644537600","2022-02-11 00:00:00Z","0.02","0"
"02/12/2022","1644624000","2022-02-12 00:00:00Z","0.02","0"
"02/13/2022","1644710400","2022-02-13 00:00:00Z","0.02","0"
"02/14/2022","1644796800","2022-02-14 00:00:00Z","0.05","0"
"02/15/2022","1644883200","2022-02-15 00:00:00Z","0.02","0"
"02/16/2022","1644969600","2022-02-16 00:00:00Z","0.02","0"
"02/17/2022","1645056000","2022-02-17 00:00:00Z","0.02","0"
"02/18/2022","1645142400","2022-02-18 00:00:00Z","0.02","0"
"02/19/2022","1645228800","2022-02-19 00:00:00Z","0.02","0"
"02/20/2022","1645315200","2022-02-20 00:00:00Z","0.02","0"
"02/21/2022","1645401600","2022-02-21 00:00:00Z","0.02","0"
"02/22/2022","1645488000","2022-02-22 00:00:00Z","0.02","0"
"02/23/2022","1645574400","2022-02-23 00:00:00Z","0.01","0"
"02/24/2022","1645660800","2022-02-24 00:00:00Z","0.03","0"
"02/25/2022","1645747200","2022-02-25 00:00:00Z","0.02","0"
"02/26/2022","1645833600","2022-02-26 00:00:00Z","0.02","0"
"02/27/2022","1645920000","2022-02-27 00:00:00Z","0.02","0"
"02/28/2022","1646006400","2022-02-28 00:00:00Z","0.02","0"
"03/01/2022","1646092800","2022-03-01 00:00:00Z","0.02","0"
"03/02/2022","1646179200","2022-03-02 00:00:00Z","0.02","0"
"03/03/2022","1646265600","2022-03-03 00:00:00Z","0.02","0"
"03/04/2022","1646352000","2022-03-04 00:00:00Z","0.02","0"
"03/05/2022","1646438400","2022-03-05 00:00:00Z","0.02","0"
"03/06/2022","1646524800","2022-03-06 00:00:00Z","0.02","0"
"03/07/2022","1646611200","2022-03-07 00:00:00Z","0.02","0"
"03/08/2022","1646697600","2022-03-08 00:00:00Z","0.02","0"
"03/09/2022","1646784000","2022-03-09 00:00:00Z","0.02","0"
"03/10/2022","1646870400","2022-03-10 00:00:00Z","0.02","0"
"03/11/2022","1646956800","2022-03-11 00:00:00Z","0.02","0"
"03/12/2022","1647043200","2022-03-12 00:00:00Z","0.01","0"
"03/13/2022","1647129600","2022-03-13 00:00:00Z","0.01","0"
"03/14/2022","1647216000","2022-03-14 00:00:00Z","0.02","0"
"03/15/2022","1647302400","2022-03-15 00:00:00Z","0.02","0"
"03/16/2022","1647388800","2022-03-16 00:00:00Z","0.02","0"
"03/17/2022","1647475200","2022-03-17 00:00:00Z","0.02","0"
"03/18/2022","1647561600","2022-03-18 00:00:00Z","0.01","0"
"03/19/2022","1647648000","2022-03-19 00:00:00Z","0.02","0"
"03/20/2022","1647734400","2022-03-20 00:00:00Z","0.02","0"
"03/21/2022","1647820800","2022-03-21 00:00:00Z","0.02","0"
"03/22/2022","1647907200","2022-03-22 00:00:00Z","0.02","0"
"03/23/2022","1647993600","2022-03-23 00:00:00Z","0.02","0"
"03/24/2022","1648080000","2022-03-24 00:00:00Z","0.02","0"
"03/25/2022","1648166400","2022-03-25 00:00:00Z","0.02","0"
"03/26/2022","1648252800","2022-03-26 00:00:00Z","0.02","0"
"03/27/2022","1648339200","2022-03-27 00:00:00Z","0.02","0"
"03/28/2022","1648425600","2022-03-28 00:00:00Z","0.02","0"
"03/29/2022","1648512000","2022-03-29 00:00:00Z","0.02","0"
"03/30/2022","1648598400","2022-03-30 00:00:00Z","0.02","0"
"03/31/2022","1648684800","2022-03-31 00:00:00Z","0.02","0"
"04/01/2022","1648771200","2022-04-01 00:00:00Z","0.02","0"
"04/02/2022","1648857600","2022-04-02 00:00:00Z","0.02","0"
"04/03/2022","1648944000","2022-04-03 00:00:00Z","0.02","0"
"04/04/2022","1649030400","2022-04-04 00:00:00Z","0.02","0"
"04/05/2022","1649116800","2022-04-05 00:00:00Z","0.02","0"
"04/06/2022","1649203200","2022-04-06 00:00:00Z","0.02","0"
"04/07/2022","1649289600","2022-04-07 00:00:00Z","0.02","0"
"04/08/2022","1649376000","2022-04-08 00:00:00Z","0.02","0"
"04/09/2022","1649462400","2022-04-09 00:00:00Z","0.01","0"
"04/10/2022","1649548800","2022-04-10 00:00:00Z","0.01","0"
"04/11/2022","1649635200","2022-04-11 00:00:00Z","0.02","0"
"04/12/2022","1649721600","2022-04-12 00:00:00Z","0.02","0"
"04/13/2022","1649808000","2022-04-13 00:00:00Z","0.02","0"
"04/14/2022","1649894400","2022-04-14 00:00:00Z","0.01","0"
"04/15/2022","1649980800","2022-04-15 00:00:00Z","0.02","0"
"04/16/2022","1650067200","2022-04-16 00:00:00Z","0.02","0"
"04/17/2022","1650153600","2022-04-17 00:00:00Z","0.01","0"
"04/18/2022","1650240000","2022-04-18 00:00:00Z","0.02","0"
"04/19/2022","1650326400","2022-04-19 00:00:00Z","0.02","0"
"04/20/2022","1650412800","2022-04-20 00:00:00Z","0.02","0"
"04/21/2022","1650499200","2022-04-21 00:00:00Z","0.02","0"
"04/22/2022","1650585600","2022-04-22 00:00:00Z","0.02","0"
"04/23/2022","1650672000","2022-04-23 00:00:00Z","0.02","0"
"04/24/2022","1650758400","2022-04-24 00:00:00Z","0.02","0"
"04/25/2022","1650844800","2022-04-25 00:00:00Z","0.02","0"
"04/26/2022","1650931200","2022-04-26 00:00:00Z","0.02","0"
"04/27/2022","1651017600","2022-04-27 00:00:00Z","0.02","0"
"04/28/2022","1651104000","2022-04-28 00:00:00Z","0.02","0"
"04/29/2022","1651190400","2022-04-29 00:00:00Z","0.01","0"
"04/30/2022","1651276800","2022-04-30 00:00:00Z","0.02","0"
"05/01/2022","1651363200","2022-05-01 00:00:00Z","0.02","0"
"05/02/2022","1651449600","2022-05-02 00:00:00Z","0.01","0"
"05/03/2022","1651536000","2022-05-03 00:00:00Z","0.01","0"
"05/04/2022","1651622400","2022-05-04 00:00:00Z","0.02","0"
"05/05/2022","1651708800","2022-05-05 00:00:00Z","0.02","0"
"05/06/2022","1651795200","2022-05-06 00:00:00Z","0.02","0"
"05/07/2022","1651881600","2022-05-07 00:00:00Z","0.01","0"
"05/08/2022","1651968000","2022-05-08 00:00:00Z","0.01","0"
"05/09/2022","1652054400","2022-05-09 00:00:00Z","0.03","0"
"05/10/2022","1652140800","2022-05-10 00:00:00Z","0.03","0"
"05/11/2022","1652227200","2022-05-11 00:00:00Z","0.05","0"
"05/12/2022","1652313600","2022-05-12 00:00:00Z","0.04","0"
"05/13/2022","1652400000","2022-05-13 00:00:00Z","0.01","0"
"05/14/2022","1652486400","2022-05-14 00:00:00Z","0.01","0"
"05/15/2022","1652572800","2022-05-15 00:00:00Z","0.01","0"
"05/16/2022","1652659200","2022-05-16 00:00:00Z","0.01","0"
"05/17/2022","1652745600","2022-05-17 00:00:00Z","0.01","0"
"05/18/2022","1652832000","2022-05-18 00:00:00Z","0.01","0"
"05/19/2022","1652918400","2022-05-19 00:00:00Z","0.01","0"
"05/20/2022","1653004800","2022-05-20 00:00:00Z","0.01","0"
"05/21/2022","1653091200","2022-05-21 00:00:00Z","0.01","0"
"05/22/2022","1653177600","2022-05-22 00:00:00Z","0.01","0"
"05/23/2022","1653264000","2022-05-23 00:00:00Z","0.01","0"
"05/24/2022","1653350400","2022-05-24 00:00:00Z","0.01","0"
"05/25/2022","1653436800","2022-05-25 00:00:00Z","0.01","0"
"05/26/2022","1653523200","2022-05-26 00:00:00Z","0.01","0"
"05/27/2022","1653609600","2022-05-27 00:00:00Z","0.01","0"
"05/28/2022","1653696000","2022-05-28 00:00:00Z","0.01","0"
"05/29/2022","1653782400","2022-05-29 00:00:00Z","0.01","0"
"05/30/2022","1653868800","2022-05-30 00:00:00Z","0.01","0"
"05/31/2022","1653955200","2022-05-31 00:00:00Z","0.01","0"
"06/01/2022","1654041600","2022-06-01 00:00:00Z","0.01","0"
"06/02/2022","1654128000","2022-06-02 00:00:00Z","0.01","0"
"06/03/2022","1654214400","2022-06-03 00:00:00Z","0.01","0"
"06/04/2022","1654300800","2022-06-04 00:00:00Z","0.01","0"
"06/05/2022","1654387200","2022-06-05 00:00:00Z","0.01","0"
"06/06/2022","1654473600","2022-06-06 00:00:00Z","0.01","0"
"06/07/2022","1654560000","2022-06-07 00:00:00Z","0.01","0"
"06/08/2022","1654646400","2022-06-08 00:00:00Z","0.01","0"
"06/09/2022","1654732800","2022-06-09 00:00:00Z","0.01","0"
"06/10/2022","1654819200","2022-06-10 00:00:00Z","0.01","0"
"06/11/2022","1654905600","2022-06-11 00:00:00Z","0.01","0"
"06/12/2022","1654992000","2022-06-12 00:00:00Z","0.01","0"
"06/13/2022","1655078400","2022-06-13 00:00:00Z","0.03","0"
"06/14/2022","1655164800","2022-06-14 00:00:00Z","0.02","0"
"06/15/2022","1655251200","2022-06-15 00:00:00Z","0.02","0"
"06/16/2022","1655337600","2022-06-16 00:00:00Z","0.01","0"
"06/17/2022","1655424000","2022-06-17 00:00:00Z","0.01","0"
"06/18/2022","1655510400","2022-06-18 00:00:00Z","0.02","0"
"06/19/2022","1655596800","2022-06-19 00:00:00Z","0.01","0"
"06/20/2022","1655683200","2022-06-20 00:00:00Z","0.01","0"
"06/21/2022","1655769600","2022-06-21 00:00:00Z","0.01","0"
"06/22/2022","1655856000","2022-06-22 00:00:00Z","0.01","0"
"06/23/2022","1655942400","2022-06-23 00:00:00Z","0.01","0"
"06/24/2022","1656028800","2022-06-24 00:00:00Z","0.01","0"
"06/25/2022","1656115200","2022-06-25 00:00:00Z","0.01","0"
"06/26/2022","1656201600","2022-06-26 00:00:00Z","0.01","0"
"06/27/2022","1656288000","2022-06-27 00:00:00Z","0.01","0"
"06/28/2022","1656374400","2022-06-28 00:00:00Z","0.01","0"
"06/29/2022","1656460800","2022-06-29 00:00:00Z","0.01","0"
"06/30/2022","1656547200","2022-06-30 00:00:00Z","0.01","0"
"07/01/2022","1656633600","2022-07-01 00:00:00Z","0.01","0"
"07/02/2022","1656720000","2022-07-02 00:00:00Z","0.01","0"
"07/03/2022","1656806400","2022-07-03 00:00:00Z","0.01","0"
"07/04/2022","1656892800","2022-07-04 00:00:00Z","0.01","0"
"07/05/2022","1656979200","2022-07-05 00:00:00Z","0.01","0"
"07/06/2022","1657065600","2022-07-06 00:00:00Z","0.01","0"
"07/07/2022","1657152000","2022-07-07 00:00:00Z","0.01","0"
"07/08/2022","1657238400","2022-07-08 00:00:00Z","0.01","0"
"07/09/2022","1657324800","2022-07-09 00:00:00Z","0.01","0"
"07/10/2022","1657411200","2022-07-10 00:00:00Z","0.01","0"
"07/11/2022","1657497600","2022-07-11 00:00:00Z","0.01","0"
"07/12/2022","1657584000","2022-07-12 00:00:00Z","0.01","0"
"07/13/2022","1657670400","2022-07-13 00:00:00Z","0.02","0"
"07/14/2022","1657756800","2022-07-14 00:00:00Z","0.02","0"
"07/15/2022","1657843200","2022-07-15 00:00:00Z","0.01","0"
"07/16/2022","1657929600","2022-07-16 00:00:00Z","0.02","0"
"07/17/2022","1658016000","2022-07-17 00:00:00Z","0.02","0"
"07/18/2022","1658102400","2022-07-18 00:00:00Z","0.03","0"
"07/19/2022","1658188800","2022-07-19 00:00:00Z","0.03","0"
"07/20/2022","1658275200","2022-07-20 00:00:00Z","0.02","0"
"07/21/2022","1658361600","2022-07-21 00:00:00Z","0.02","0"
"07/22/2022","1658448000","2022-07-22 00:00:00Z","0.01","0"
"07/23/2022","1658534400","2022-07-23 00:00:00Z","0.01","0"
"07/24/2022","1658620800","2022-07-24 00:00:00Z","0.02","0"
"07/25/2022","1658707200","2022-07-25 00:00:00Z","0.02","0"
"07/26/2022","1658793600","2022-07-26 00:00:00Z","0.02","0"
"07/27/2022","1658880000","2022-07-27 00:00:00Z","0.02","0"
"07/28/2022","1658966400","2022-07-28 00:00:00Z","0.02","0"
"07/29/2022","1659052800","2022-07-29 00:00:00Z","0.02","0"
"07/30/2022","1659139200","2022-07-30 00:00:00Z","0.02","0"
"07/31/2022","1659225600","2022-07-31 00:00:00Z","0.02","0"
"08/01/2022","1659312000","2022-08-01 00:00:00Z","0.01","0"
"08/02/2022","1659398400","2022-08-02 00:00:00Z","0.03","0"
"08/03/2022","1659484800","2022-08-03 00:00:00Z","0.01","0"
"08/04/2022","1659571200","2022-08-04 00:00:00Z","0.01","0"
"08/05/2022","1659657600","2022-08-05 00:00:00Z","0.01","0"
"08/06/2022","1659744000","2022-08-06 00:00:00Z","0.01","0"
"08/07/2022","1659830400","2022-08-07 00:00:00Z","0.01","0"
"08/08/2022","1659916800","2022-08-08 00:00:00Z","0.01","0"
"08/09/2022","1660003200","2022-08-09 00:00:00Z","0.01","0"
"08/10/2022","1660089600","2022-08-10 00:00:00Z","0.02","0"
"08/11/2022","1660176000","2022-08-11 00:00:00Z","0.01","0"
"08/12/2022","1660262400","2022-08-12 00:00:00Z","0.01","0"
"08/13/2022","1660348800","2022-08-13 00:00:00Z","0.02","0"
"08/14/2022","1660435200","2022-08-14 00:00:00Z","0.02","0"
"08/15/2022","1660521600","2022-08-15 00:00:00Z","0.02","0"
"08/16/2022","1660608000","2022-08-16 00:00:00Z","0.02","0"
"08/17/2022","1660694400","2022-08-17 00:00:00Z","0.02","0"
"08/18/2022","1660780800","2022-08-18 00:00:00Z","0.01","0"
"08/19/2022","1660867200","2022-08-19 00:00:00Z","0.02","0"
"08/20/2022","1660953600","2022-08-20 00:00:00Z","0.02","0"
"08/21/2022","1661040000","2022-08-21 00:00:00Z","0.02","0"
"08/22/2022","1661126400","2022-08-22 00:00:00Z","0.02","0"
"08/23/2022","1661212800","2022-08-23 00:00:00Z","0.01","0"
"08/24/2022","1661299200","2022-08-24 00:00:00Z","0.01","0"
"08/25/2022","1661385600","2022-08-25 00:00:00Z","0.01","0"
"08/26/2022","1661472000","2022-08-26 00:00:00Z","0.02","0"
"08/27/2022","1661558400","2022-08-27 00:00:00Z","0.02","0"
"08/28/2022","1661644800","2022-08-28 00:00:00Z","0.01","0"
"08/29/2022","1661731200","2022-08-29 00:00:00Z","0.01","0"
"08/30/2022","1661817600","2022-08-30 00:00:00Z","0.02","0"
"08/31/2022","1661904000","2022-08-31 00:00:00Z","0.02","0"
"09/01/2022","1661990400","2022-09-01 00:00:00Z","0.02","0"
"09/02/2022","1662076800","2022-09-02 00:00:00Z","0.02","0"
"09/03/2022","1662163200","2022-09-03 00:00:00Z","0.01","0"
"09/04/2022","1662249600","2022-09-04 00:00:00Z","0.01","0"
"09/05/2022","1662336000","2022-09-05 00:00:00Z","0.01","0"
"09/06/2022","1662422400","2022-09-06 00:00:00Z","0.02","0"
"09/07/2022","1662508800","2022-09-07 00:00:00Z","0.02","0"
"09/08/2022","1662595200","2022-09-08 00:00:00Z","0.02","0"
"09/09/2022","1662681600","2022-09-09 00:00:00Z","0.02","0"
"09/10/2022","1662768000","2022-09-10 00:00:00Z","0.01","0"
"09/11/2022","1662854400","2022-09-11 00:00:00Z","0.01","0"
"09/12/2022","1662940800","2022-09-12 00:00:00Z","0.02","0"
"09/13/2022","1663027200","2022-09-13 00:00:00Z","0.03","0"
"09/14/2022","1663113600","2022-09-14 00:00:00Z","0.01","0"
"09/15/2022","1663200000","2022-09-15 00:00:00Z","0.02","0"
"09/16/2022","1663286400","2022-09-16 00:00:00Z","0.01","0"
"09/17/2022","1663372800","2022-09-17 00:00:00Z","0.01","0"
"09/18/2022","1663459200","2022-09-18 00:00:00Z","0.02","0"
"09/19/2022","1663545600","2022-09-19 00:00:00Z","0.02","0"
"09/20/2022","1663632000","2022-09-20 00:00:00Z","0.01","0"
"09/21/2022","1663718400","2022-09-21 00:00:00Z","0.02","0"
"09/22/2022","1663804800","2022-09-22 00:00:00Z","0.01","0"
"09/23/2022","1663891200","2022-09-23 00:00:00Z","0.01","0"
"09/24/2022","1663977600","2022-09-24 00:00:00Z","0.01","0"
"09/25/2022","1664064000","2022-09-25 00:00:00Z","0.01","0"
"09/26/2022","1664150400","2022-09-26 00:00:00Z","0.01","0"
"09/27/2022","1664236800","2022-09-27 00:00:00Z","0.01","0"
"09/28/2022","1664323200","2022-09-28 00:00:00Z","0.01","0"
"09/29/2022","1664409600","2022-09-29 00:00:00Z","0.01","0"
"09/30/2022","1664496000","2022-09-30 00:00:00Z","0.01","0"
"10/01/2022","1664582400","2022-10-01 00:00:00Z","0.01","0"
"10/02/2022","1664668800","2022-10-02 00:00:00Z","0.01","0"
"10/03/2022","1664755200","2022-10-03 00:00:00Z","0.01","0"
"10/04/2022","1664841600","2022-10-04 00:00:00Z","0.01","0"
"10/05/2022","1664928000","2022-10-05 00:00:00Z","0.01","0"
"10/06/2022","1665014400","2022-10-06 00:00:00Z","0.01","0"
"10/07/2022","1665100800","2022-10-07 00:00:00Z","0.01","0"
"10/08/2022","1665187200","2022-10-08 00:00:00Z","0.01","0"
"10/09/2022","1665273600","2022-10-09 00:00:00Z","0.01","0"
"10/10/2022","1665360000","2022-10-10 00:00:00Z","0.01","0"
"10/11/2022","1665446400","2022-10-11 00:00:00Z","0.01","0"
"10/12/2022","1665532800","2022-10-12 00:00:00Z","0.01","0"
"10/13/2022","1665619200","2022-10-13 00:00:00Z","0.02","0"
"10/14/2022","1665705600","2022-10-14 00:00:00Z","0.01","0"
"10/15/2022","1665792000","2022-10-15 00:00:00Z","0.01","0"
"10/16/2022","1665878400","2022-10-16 00:00:00Z","0.01","0"
"10/17/2022","1665964800","2022-10-17 00:00:00Z","0.01","0"
"10/18/2022","1666051200","2022-10-18 00:00:00Z","0.02","0"
"10/19/2022","1666137600","2022-10-19 00:00:00Z","0.02","0"
"10/20/2022","1666224000","2022-10-20 00:00:00Z","0.02","0"
"10/21/2022","1666310400","2022-10-21 00:00:00Z","0.02","0"
"10/22/2022","1666396800","2022-10-22 00:00:00Z","0.01","0"
"10/23/2022","1666483200","2022-10-23 00:00:00Z","0.01","0"
"10/24/2022","1666569600","2022-10-24 00:00:00Z","0.02","0"
"10/25/2022","1666656000","2022-10-25 00:00:00Z","0.03","0"
"10/26/2022","1666742400","2022-10-26 00:00:00Z","0.02","0"
"10/27/2022","1666828800","2022-10-27 00:00:00Z","0.02","0"
"10/28/2022","1666915200","2022-10-28 00:00:00Z","0.02","0"
"10/29/2022","1667001600","2022-10-29 00:00:00Z","0.02","0"
"10/30/2022","1667088000","2022-10-30 00:00:00Z","0.01","0"
"10/31/2022","1667174400","2022-10-31 00:00:00Z","0.01","0"
"11/01/2022","1667260800","2022-11-01 00:00:00Z","0.01","0"
"11/02/2022","1667347200","2022-11-02 00:00:00Z","0.02","0"
"11/03/2022","1667433600","2022-11-03 00:00:00Z","0.02","0"
"11/04/2022","1667520000","2022-11-04 00:00:00Z","0.05","0"
"11/05/2022","1667606400","2022-11-05 00:00:00Z","0.03","0"
"11/06/2022","1667692800","2022-11-06 00:00:00Z","0.03","0"
"11/07/2022","1667779200","2022-11-07 00:00:00Z","0.03","0"
"11/08/2022","1667865600","2022-11-08 00:00:00Z","0.09","0"
"11/09/2022","1667952000","2022-11-09 00:00:00Z","0.03","0"
"11/10/2022","1668038400","2022-11-10 00:00:00Z","0.04","0"
"11/11/2022","1668124800","2022-11-11 00:00:00Z","0.03","0"
"11/12/2022","1668211200","2022-11-12 00:00:00Z","0.02","0"
"11/13/2022","1668297600","2022-11-13 00:00:00Z","0.01","0"
"11/14/2022","1668384000","2022-11-14 00:00:00Z","0.02","0"
"11/15/2022","1668470400","2022-11-15 00:00:00Z","0.01","0"
"11/16/2022","1668556800","2022-11-16 00:00:00Z","0.01","0"
"11/17/2022","1668643200","2022-11-17 00:00:00Z","0.01","0"
"11/18/2022","1668729600","2022-11-18 00:00:00Z","0.01","0"
"11/19/2022","1668816000","2022-11-19 00:00:00Z","0.01","0"
"11/20/2022","1668902400","2022-11-20 00:00:00Z","0.01","0"
"11/21/2022","1668988800","2022-11-21 00:00:00Z","0.02","0"
"11/22/2022","1669075200","2022-11-22 00:00:00Z","0.02","0"
"11/23/2022","1669161600","2022-11-23 00:00:00Z","0.01","0"
"11/24/2022","1669248000","2022-11-24 00:00:00Z","0.01","0"
"11/25/2022","1669334400","2022-11-25 00:00:00Z","0.01","0"
"11/26/2022","1669420800","2022-11-26 00:00:00Z","0.01","0"
"11/27/2022","1669507200","2022-11-27 00:00:00Z","0.01","0"
"11/28/2022","1669593600","2022-11-28 00:00:00Z","0.01","0"
"11/29/2022","1669680000","2022-11-29 00:00:00Z","0.01","0"
"11/30/2022","1669766400","2022-11-30 00:00:00Z","0.02","0"
"12/01/2022","1669852800","2022-12-01 00:00:00Z","0.01","0"
"12/02/2022","1669939200","2022-12-02 00:00:00Z","0.01","0"
"12/03/2022","1670025600","2022-12-03 00:00:00Z","0.01","0"
"12/04/2022","1670112000","2022-12-04 00:00:00Z","0.01","0"
"12/05/2022","1670198400","2022-12-05 00:00:00Z","0.01","0"
"12/06/2022","1670284800","2022-12-06 00:00:00Z","0.01","0"
"12/07/2022","1670371200","2022-12-07 00:00:00Z","0.01","0"
"12/08/2022","1670457600","2022-12-08 00:00:00Z","0.01","0"
"12/09/2022","1670544000","2022-12-09 00:00:00Z","0.01","0"
"12/10/2022","1670630400","2022-12-10 00:00:00Z","0.01","0"
"12/11/2022","1670716800","2022-12-11 00:00:00Z","0.01","0"
"12/12/2022","1670803200","2022-12-12 00:00:00Z","0.01","0"
"12/13/2022","1670889600","2022-12-13 00:00:00Z","0.01","0"
"12/14/2022","1670976000","2022-12-14 00:00:00Z","0.01","0"
"12/15/2022","1671062400","2022-12-15 00:00:00Z","0.01","0"
"12/16/2022","1671148800","2022-12-16 00:00:00Z","0.02","0"
"12/17/2022","1671235200","2022-12-17 00:00:00Z","0.01","0"
"12/18/2022","1671321600","2022-12-18 00:00:00Z","0.01","0"
"12/19/2022","1671408000","2022-12-19 00:00:00Z","0.01","0"
"12/20/2022","1671494400","2022-12-20 00:00:00Z","0.01","0"
"12/21/2022","1671580800","2022-12-21 00:00:00Z","0.01","0"
"12/22/2022","1671667200","2022-12-22 00:00:00Z","0.01","0"
"12/23/2022","1671753600","2022-12-23 00:00:00Z","0.01","0"
"12/24/2022","1671840000","2022-12-24 00:00:00Z","0.01","0"
"12/25/2022","1671926400","2022-12-25 00:00:00Z","0.01","0"
"12/26/2022","1672012800","2022-12-26 00:00:00Z","0.01","0"
"12/27/2022","1672099200","2022-12-27 00:00:00Z","0.01","0"
"12/28/2022","1672185600","2022-12-28 00:00:00Z","0.01","0"
"12/29/2022","1672272000","2022-12-29 00:00:00Z","0.01","0"
"12/30/2022","1672358400","2022-12-30 00:00:00Z","0.01","0"
"12/31/2022","1672444800","2022-12-31 00:00:00Z","0.01","0"
"01/01/2023","1672531200","2023-01-01 00:00:00Z","0.01","0"
"01/02/2023","1672617600","2023-01-02 00:00:00Z","0.01","0"
"01/03/2023","1672704000","2023-01-03 00:00:00Z","0.01","0"
"01/04/2023","1672790400","2023-01-04 00:00:00Z","0.01","0"
"01/05/2023","1672876800","2023-01-05 00:00:00Z","0.01","0"
"01/06/2023","1672963200","2023-01-06 00:00:00Z","0.01","0"
"01/07/2023","1673049600","2023-01-07 00:00:00Z","0.01","0"
"01/08/2023","1673136000","2023-01-08 00:00:00Z","0.01","0"
"01/09/2023","1673222400","2023-01-09 00:00:00Z","0.01","0"
"01/10/2023","1673308800","2023-01-10 00:00:00Z","0.01","0"
"01/11/2023","1673395200","2023-01-11 00:00:00Z","0.01","0"
"01/12/2023","1673481600","2023-01-12 00:00:00Z","0.02","0"
"01/13/2023","1673568000","2023-01-13 00:00:00Z","0.01","0"
"01/14/2023","1673654400","2023-01-14 00:00:00Z","0.02","0"
"01/15/2023","1673740800","2023-01-15 00:00:00Z","0.01","0"
"01/16/2023","1673827200","2023-01-16 00:00:00Z","0.02","0"
"01/17/2023","1673913600","2023-01-17 00:00:00Z","0.01","0"
"01/18/2023","1674000000","2023-01-18 00:00:00Z","0.02","0"
"01/19/2023","1674086400","2023-01-19 00:00:00Z","0.01","0"
"01/20/2023","1674172800","2023-01-20 00:00:00Z","0.01","0"
"01/21/2023","1674259200","2023-01-21 00:00:00Z","0.01","0"
"01/22/2023","1674345600","2023-01-22 00:00:00Z","0.01","0"
"01/23/2023","1674432000","2023-01-23 00:00:00Z","0.01","0"
"01/24/2023","1674518400","2023-01-24 00:00:00Z","0.01","0"
"01/25/2023","1674604800","2023-01-25 00:00:00Z","0.02","0"
"01/26/2023","1674691200","2023-01-26 00:00:00Z","0.02","0"
"01/27/2023","1674777600","2023-01-27 00:00:00Z","0.02","0"
"01/28/2023","1674864000","2023-01-28 00:00:00Z","0.01","0"
"01/29/2023","1674950400","2023-01-29 00:00:00Z","0.01","0"
"01/30/2023","1675036800","2023-01-30 00:00:00Z","0.02","0"
"01/31/2023","1675123200","2023-01-31 00:00:00Z","0.01","0"
"02/01/2023","1675209600","2023-02-01 00:00:00Z","0.02","0"
"02/02/2023","1675296000","2023-02-02 00:00:00Z","0.02","0"
"02/03/2023","1675382400","2023-02-03 00:00:00Z","0.02","0"
"02/04/2023","1675468800","2023-02-04 00:00:00Z","0.02","0"
"02/05/2023","1675555200","2023-02-05 00:00:00Z","0.02","0"
"02/06/2023","1675641600","2023-02-06 00:00:00Z","0.02","0"
"02/07/2023","1675728000","2023-02-07 00:00:00Z","0.02","0"
"02/08/2023","1675814400","2023-02-08 00:00:00Z","0.02","0"
"02/09/2023","1675900800","2023-02-09 00:00:00Z","0.04","0"
"02/10/2023","1675987200","2023-02-10 00:00:00Z","0.04","0"
"02/11/2023","1676073600","2023-02-11 00:00:00Z","0.03","0"
"02/12/2023","1676160000","2023-02-12 00:00:00Z","0.03","0"
"02/13/2023","1676246400","2023-02-13 00:00:00Z","0.03","0"
"02/14/2023","1676332800","2023-02-14 00:00:00Z","0.04","0"
"02/15/2023","1676419200","2023-02-15 00:00:00Z","0.03","0"
"02/16/2023","1676505600","2023-02-16 00:00:00Z","0.05","0"
"02/17/2023","1676592000","2023-02-17 00:00:00Z","0.04","0"
"02/18/2023","1676678400","2023-02-18 00:00:00Z","0.03","0"
"02/19/2023","1676764800","2023-02-19 00:00:00Z","0.04","0"
"02/20/2023","1676851200","2023-02-20 00:00:00Z","0.02","0"
"02/21/2023","1676937600","2023-02-21 00:00:00Z","0.02","0"
"02/22/2023","1677024000","2023-02-22 00:00:00Z","0.03","0"
"02/23/2023","1677110400","2023-02-23 00:00:00Z","0.03","0"
"02/24/2023","1677196800","2023-02-24 00:00:00Z","0.02","0"
"02/25/2023","1677283200","2023-02-25 00:00:00Z","0.02","0"
"02/26/2023","1677369600","2023-02-26 00:00:00Z","0.02","0"
"02/27/2023","1677456000","2023-02-27 00:00:00Z","0.02","0"
"02/28/2023","1677542400","2023-02-28 00:00:00Z","0.02","0"
"03/01/2023","1677628800","2023-03-01 00:00:00Z","0.02","0"
"03/02/2023","1677715200","2023-03-02 00:00:00Z","0.02","0"
"03/03/2023","1677801600","2023-03-03 00:00:00Z","0.02","0"
"03/04/2023","1677888000","2023-03-04 00:00:00Z","0.02","0"
"03/05/2023","1677974400","2023-03-05 00:00:00Z","0.01","0"
"03/06/2023","1678060800","2023-03-06 00:00:00Z","0.02","0"
"03/07/2023","1678147200","2023-03-07 00:00:00Z","0.02","0"
"03/08/2023","1678233600","2023-03-08 00:00:00Z","0.02","0"
"03/09/2023","1678320000","2023-03-09 00:00:00Z","0.03","0"
"03/10/2023","1678406400","2023-03-10 00:00:00Z","0.03","0"
"03/11/2023","1678492800","2023-03-11 00:00:00Z","0.03","0"
"03/12/2023","1678579200","2023-03-12 00:00:00Z","0.02","0"
"03/13/2023","1678665600","2023-03-13 00:00:00Z","0.03","0"
"03/14/2023","1678752000","2023-03-14 00:00:00Z","0.03","0"
"03/15/2023","1678838400","2023-03-15 00:00:00Z","0.02","0"
"03/16/2023","1678924800","2023-03-16 00:00:00Z","0.02","0"
"03/17/2023","1679011200","2023-03-17 00:00:00Z","0.02","0"
"03/18/2023","1679097600","2023-03-18 00:00:00Z","0.02","0"
"03/19/2023","1679184000","2023-03-19 00:00:00Z","0.02","0"
"03/20/2023","1679270400","2023-03-20 00:00:00Z","0.02","0"
"03/21/2023","1679356800","2023-03-21 00:00:00Z","0.02","0"
"03/22/2023","1679443200","2023-03-22 00:00:00Z","0.03","0"
"03/23/2023","1679529600","2023-03-23 00:00:00Z","0.02","0"
"03/24/2023","1679616000","2023-03-24 00:00:00Z","0.02","0"
"03/25/2023","1679702400","2023-03-25 00:00:00Z","0.01","0"
"03/26/2023","1679788800","2023-03-26 00:00:00Z","0.02","0"
"03/27/2023","1679875200","2023-03-27 00:00:00Z","0.02","0"
"03/28/2023","1679961600","2023-03-28 00:00:00Z","0.02","0"
"03/29/2023","1680048000","2023-03-29 00:00:00Z","0.02","0"
"03/30/2023","1680134400","2023-03-30 00:00:00Z","0.01","0"
"03/31/2023","1680220800","2023-03-31 00:00:00Z","0.01","0"
"04/01/2023","1680307200","2023-04-01 00:00:00Z","0.01","0"
"04/02/2023","1680393600","2023-04-02 00:00:00Z","0.01","0"
"04/03/2023","1680480000","2023-04-03 00:00:00Z","0.02","0"
"04/04/2023","1680566400","2023-04-04 00:00:00Z","0.02","0"
"04/05/2023","1680652800","2023-04-05 00:00:00Z","0.02","0"
"04/06/2023","1680739200","2023-04-06 00:00:00Z","0.01","0"
"04/07/2023","1680825600","2023-04-07 00:00:00Z","0.01","0"
"04/08/2023","1680912000","2023-04-08 00:00:00Z","0.01","0"
"04/09/2023","1680998400","2023-04-09 00:00:00Z","0.01","0"
"04/10/2023","1681084800","2023-04-10 00:00:00Z","0.02","0"
"04/11/2023","1681171200","2023-04-11 00:00:00Z","0.02","0"
"04/12/2023","1681257600","2023-04-12 00:00:00Z","0.02","0"
"04/13/2023","1681344000","2023-04-13 00:00:00Z","0.02","0"
"04/14/2023","1681430400","2023-04-14 00:00:00Z","0.02","0"
"04/15/2023","1681516800","2023-04-15 00:00:00Z","0.02","0"
"04/16/2023","1681603200","2023-04-16 00:00:00Z","0.02","0"
"04/17/2023","1681689600","2023-04-17 00:00:00Z","0.02","0"
"04/18/2023","1681776000","2023-04-18 00:00:00Z","0.02","0"
"04/19/2023","1681862400","2023-04-19 00:00:00Z","0.03","0"
"04/20/2023","1681948800","2023-04-20 00:00:00Z","0.02","0"
"04/21/2023","1682035200","2023-04-21 00:00:00Z","0.02","0"
"04/22/2023","1682121600","2023-04-22 00:00:00Z","0.02","0"
"04/23/2023","1682208000","2023-04-23 00:00:00Z","0.02","0"
"04/24/2023","1682294400","2023-04-24 00:00:00Z","0.03","0"
"04/25/2023","1682380800","2023-04-25 00:00:00Z","0.02","0"
"04/26/2023","1682467200","2023-04-26 00:00:00Z","0.03","0"
"04/27/2023","1682553600","2023-04-27 00:00:00Z","0.03","0"
"04/28/2023","1682640000","2023-04-28 00:00:00Z","0.03","0"
"04/29/2023","1682726400","2023-04-29 00:00:00Z","0.02","0"
"04/30/2023","1682812800","2023-04-30 00:00:00Z","0.02","0"
"05/01/2023","1682899200","2023-05-01 00:00:00Z","0.02","0"
"05/02/2023","1682985600","2023-05-02 00:00:00Z","0.02","0"
"05/03/2023","1683072000","2023-05-03 00:00:00Z","0.02","0"
"05/04/2023","1683158400","2023-05-04 00:00:00Z","0.02","0"
"05/05/2023","1683244800","2023-05-05 00:00:00Z","0.02","0"
"05/06/2023","1683331200","2023-05-06 00:00:00Z","0.02","0"
"05/07/2023","1683417600","2023-05-07 00:00:00Z","0.02","0"
"05/08/2023","1683504000","2023-05-08 00:00:00Z","0.02","0"
"05/09/2023","1683590400","2023-05-09 00:00:00Z","0.01","0"
"05/10/2023","1683676800","2023-05-10 00:00:00Z","0.02","0"
"05/11/2023","1683763200","2023-05-11 00:00:00Z","0.02","0"
"05/12/2023","1683849600","2023-05-12 00:00:00Z","0.02","0"
"05/13/2023","1683936000","2023-05-13 00:00:00Z","0.01","0"
"05/14/2023","1684022400","2023-05-14 00:00:00Z","0.01","0"
"05/15/2023","1684108800","2023-05-15 00:00:00Z","0.01","0"
"05/16/2023","1684195200","2023-05-16 00:00:00Z","0.01","0"
"05/17/2023","1684281600","2023-05-17 00:00:00Z","0.01","0"
"05/18/2023","1684368000","2023-05-18 00:00:00Z","0.01","0"
"05/19/2023","1684454400","2023-05-19 00:00:00Z","0.01","0"
"05/20/2023","1684540800","2023-05-20 00:00:00Z","0.01","0"
"05/21/2023","1684627200","2023-05-21 00:00:00Z","0.01","0"
"05/22/2023","1684713600","2023-05-22 00:00:00Z","0.01","0"
"05/23/2023","1684800000","2023-05-23 00:00:00Z","0.01","0"
"05/24/2023","1684886400","2023-05-24 00:00:00Z","0.01","0"
"05/25/2023","1684972800","2023-05-25 00:00:00Z","0.01","0"
"05/26/2023","1685059200","2023-05-26 00:00:00Z","0.01","0"
"05/27/2023","1685145600","2023-05-27 00:00:00Z","0.01","0"
"05/28/2023","1685232000","2023-05-28 00:00:00Z","0.01","0"
"05/29/2023","1685318400","2023-05-29 00:00:00Z","0.01","0"
"05/30/2023","1685404800","2023-05-30 00:00:00Z","0.01","0"
"05/31/2023","1685491200","2023-05-31 00:00:00Z","0.01","0"
"06/01/2023","1685577600","2023-06-01 00:00:00Z","0.01","0"
"06/02/2023","1685664000","2023-06-02 00:00:00Z","0.01","0"
"06/03/2023","1685750400","2023-06-03 00:00:00Z","0.01","0"
"06/04/2023","1685836800","2023-06-04 00:00:00Z","0.01","0"
"06/05/2023","1685923200","2023-06-05 00:00:00Z","0.01","0"
"06/06/2023","1686009600","2023-06-06 00:00:00Z","0.01","0"
"06/07/2023","1686096000","2023-06-07 00:00:00Z","0.01","0"
"06/08/2023","1686182400","2023-06-08 00:00:00Z","0.01","0"
"06/09/2023","1686268800","2023-06-09 00:00:00Z","0.01","0"
"06/10/2023","1686355200","2023-06-10 00:00:00Z","0.03","0"
"06/11/2023","1686441600","2023-06-11 00:00:00Z","0.01","0"
"06/12/2023","1686528000","2023-06-12 00:00:00Z","0.01","0"
"06/13/2023","1686614400","2023-06-13 00:00:00Z","0.01","0"
"06/14/2023","1686700800","2023-06-14 00:00:00Z","0.01","0"
"06/15/2023","1686787200","2023-06-15 00:00:00Z","0.01","0"
"06/16/2023","1686873600","2023-06-16 00:00:00Z","0.01","0"
"06/17/2023","1686960000","2023-06-17 00:00:00Z","0.01","0"
"06/18/2023","1687046400","2023-06-18 00:00:00Z","0.01","0"
"06/19/2023","1687132800","2023-06-19 00:00:00Z","0.01","0"
"06/20/2023","1687219200","2023-06-20 00:00:00Z","0.01","0"
"06/21/2023","1687305600","2023-06-21 00:00:00Z","0.01","0"
"06/22/2023","1687392000","2023-06-22 00:00:00Z","0.01","0"
"06/23/2023","1687478400","2023-06-23 00:00:00Z","0.01","0"
"06/24/2023","1687564800","2023-06-24 00:00:00Z","0.01","0"
"06/25/2023","1687651200","2023-06-25 00:00:00Z","0.01","0"
"06/26/2023","1687737600","2023-06-26 00:00:00Z","0.01","0"
"06/27/2023","1687824000","2023-06-27 00:00:00Z","0.01","0"
"06/28/2023","1687910400","2023-06-28 00:00:00Z","0.01","0"
"06/29/2023","1687996800","2023-06-29 00:00:00Z","0.01","0"
"06/30/2023","1688083200","2023-06-30 00:00:00Z","0.02","0"
"07/01/2023","1688169600","2023-07-01 00:00:00Z","0.01","0"
"07/02/2023","1688256000","2023-07-02 00:00:00Z","0.01","0"
"07/03/2023","1688342400","2023-07-03 00:00:00Z","0.01","0"
"07/04/2023","1688428800","2023-07-04 00:00:00Z","0.01","0"
"07/05/2023","1688515200","2023-07-05 00:00:00Z","0.01","0"
"07/06/2023","1688601600","2023-07-06 00:00:00Z","0.01","0"
"07/07/2023","1688688000","2023-07-07 00:00:00Z","0.01","0"
"07/08/2023","1688774400","2023-07-08 00:00:00Z","0.01","0"
"07/09/2023","1688860800","2023-07-09 00:00:00Z","0.01","0"
"07/10/2023","1688947200","2023-07-10 00:00:00Z","0.01","0"
"07/11/2023","1689033600","2023-07-11 00:00:00Z","0.01","0"
"07/12/2023","1689120000","2023-07-12 00:00:00Z","0.01","0"
"07/13/2023","1689206400","2023-07-13 00:00:00Z","0.02","0"
"07/14/2023","1689292800","2023-07-14 00:00:00Z","0.02","0"
"07/15/2023","1689379200","2023-07-15 00:00:00Z","0.01","0"
"07/16/2023","1689465600","2023-07-16 00:00:00Z","0.01","0"
"07/17/2023","1689552000","2023-07-17 00:00:00Z","0.01","0"
"07/18/2023","1689638400","2023-07-18 00:00:00Z","0.01","0"
"07/19/2023","1689724800","2023-07-19 00:00:00Z","0.01","0"
"07/20/2023","1689811200","2023-07-20 00:00:00Z","0.01","0"
"07/21/2023","1689897600","2023-07-21 00:00:00Z","0.01","0"
"07/22/2023","1689984000","2023-07-22 00:00:00Z","0.01","0"
"07/23/2023","1690070400","2023-07-23 00:00:00Z","0.01","0"
"07/24/2023","1690156800","2023-07-24 00:00:00Z","0.01","0"
"07/25/2023","1690243200","2023-07-25 00:00:00Z","0.01","0"
"07/26/2023","1690329600","2023-07-26 00:00:00Z","0.01","0"
"07/27/2023","1690416000","2023-07-27 00:00:00Z","0.01","0"
"07/28/2023","1690502400","2023-07-28 00:00:00Z","0.01","0"
"07/29/2023","1690588800","2023-07-29 00:00:00Z","0.01","0"
"07/30/2023","1690675200","2023-07-30 00:00:00Z","0.01","0"
"07/31/2023","1690761600","2023-07-31 00:00:00Z","0.01","0"
"08/01/2023","1690848000","2023-08-01 00:00:00Z","0.01","0"
"08/02/2023","1690934400","2023-08-02 00:00:00Z","0.01","0"
"08/03/2023","1691020800","2023-08-03 00:00:00Z","0.01","0"
"08/04/2023","1691107200","2023-08-04 00:00:00Z","0.01","0"
"08/05/2023","1691193600","2023-08-05 00:00:00Z","0.01","0"
"08/06/2023","1691280000","2023-08-06 00:00:00Z","0.01","0"
"08/07/2023","1691366400","2023-08-07 00:00:00Z","0.01","0"
"08/08/2023","1691452800","2023-08-08 00:00:00Z","0.01","0"
"08/09/2023","1691539200","2023-08-09 00:00:00Z","0.01","0"
"08/10/2023","1691625600","2023-08-10 00:00:00Z","0.01","0"
"08/11/2023","1691712000","2023-08-11 00:00:00Z","0.01","0"
"08/12/2023","1691798400","2023-08-12 00:00:00Z","0.01","0"
"08/13/2023","1691884800","2023-08-13 00:00:00Z","0.01","0"
"08/14/2023","1691971200","2023-08-14 00:00:00Z","0.01","0"
"08/15/2023","1692057600","2023-08-15 00:00:00Z","0.01","0"
"08/16/2023","1692144000","2023-08-16 00:00:00Z","0.01","0"
"08/17/2023","1692230400","2023-08-17 00:00:00Z","0.02","0"
"08/18/2023","1692316800","2023-08-18 00:00:00Z","0.01","0"
"08/19/2023","1692403200","2023-08-19 00:00:00Z","0.01","0"
"08/20/2023","1692489600","2023-08-20 00:00:00Z","0.01","0"
"08/21/2023","1692576000","2023-08-21 00:00:00Z","0.01","0"
"08/22/2023","1692662400","2023-08-22 00:00:00Z","0.01","0"
"08/23/2023","1692748800","2023-08-23 00:00:00Z","0.01","0"
"08/24/2023","1692835200","2023-08-24 00:00:00Z","0.01","0"
"08/25/2023","1692921600","2023-08-25 00:00:00Z","0.01","0"
"08/26/2023","1693008000","2023-08-26 00:00:00Z","0.01","0"
"08/27/2023","1693094400","2023-08-27 00:00:00Z","0.01","0"
"08/28/2023","1693180800","2023-08-28 00:00:00Z","0.01","0"
"08/29/2023","1693267200","2023-08-29 00:00:00Z","0.02","0"
"08/30/2023","1693353600","2023-08-30 00:00:00Z","0.01","0"
"08/31/2023","1693440000","2023-08-31 00:00:00Z","0.01","0"
"09/01/2023","1693526400","2023-09-01 00:00:00Z","0.01","0"
"09/02/2023","1693612800","2023-09-02 00:00:00Z","0.01","0"
"09/03/2023","1693699200","2023-09-03 00:00:00Z","0.01","0"
"09/04/2023","1693785600","2023-09-04 00:00:00Z","0.01","0"
"09/05/2023","1693872000","2023-09-05 00:00:00Z","0.01","0"
"09/06/2023","1693958400","2023-09-06 00:00:00Z","0.01","0"
"09/07/2023","1694044800","2023-09-07 00:00:00Z","0.01","0"
"09/08/2023","1694131200","2023-09-08 00:00:00Z","0.01","0"
"09/09/2023","1694217600","2023-09-09 00:00:00Z","0.01","0"
"09/10/2023","1694304000","2023-09-10 00:00:00Z","0.01","0"
"09/11/2023","1694390400","2023-09-11 00:00:00Z","0.01","0"
"09/12/2023","1694476800","2023-09-12 00:00:00Z","0.01","0"
"09/13/2023","1694563200","2023-09-13 00:00:00Z","0.01","0"
"09/14/2023","1694649600","2023-09-14 00:00:00Z","0.01","0"
"09/15/2023","1694736000","2023-09-15 00:00:00Z","0.01","0"
"09/16/2023","1694822400","2023-09-16 00:00:00Z","0.01","0"
"09/17/2023","1694908800","2023-09-17 00:00:00Z","0.01","0"
"09/18/2023","1694995200","2023-09-18 00:00:00Z","0.01","0"
"09/19/2023","1695081600","2023-09-19 00:00:00Z","0.01","0"
"09/20/2023","1695168000","2023-09-20 00:00:00Z","0.01","0"
"09/21/2023","1695254400","2023-09-21 00:00:00Z","0.01","0"
"09/22/2023","1695340800","2023-09-22 00:00:00Z","0.01","0"
"09/23/2023","1695427200","2023-09-23 00:00:00Z","0.01","0"
"09/24/2023","1695513600","2023-09-24 00:00:00Z","0.01","0"
"09/25/2023","1695600000","2023-09-25 00:00:00Z","0.01","0"
"09/26/2023","1695686400","2023-09-26 00:00:00Z","0.01","0"
"09/27/2023","1695772800","2023-09-27 00:00:00Z","0.01","0"
"09/28/2023","1695859200","2023-09-28 00:00:00Z","0.01","0"
"09/29/2023","1695945600","2023-09-29 00:00:00Z","0.01","0"
"09/30/2023","1696032000","2023-09-30 00:00:00Z","0.01","0"
"10/01/2023","1696118400","2023-10-01 00:00:00Z","0.01","0"
"10/02/2023","1696204800","2023-10-02 00:00:00Z","0.02","0"
"10/03/2023","1696291200","2023-10-03 00:00:00Z","0.01","0"
"10/04/2023","1696377600","2023-10-04 00:00:00Z","0.01","0"
"10/05/2023","1696464000","2023-10-05 00:00:00Z","0.01","0"
"10/06/2023","1696550400","2023-10-06 00:00:00Z","0.01","0"
"10/07/2023","1696636800","2023-10-07 00:00:00Z","0.01","0"
"10/08/2023","1696723200","2023-10-08 00:00:00Z","0.01","0"
"10/09/2023","1696809600","2023-10-09 00:00:00Z","0.01","0"
"10/10/2023","1696896000","2023-10-10 00:00:00Z","0.01","0"
"10/11/2023","1696982400","2023-10-11 00:00:00Z","0.01","0"
"10/12/2023","1697068800","2023-10-12 00:00:00Z","0.01","0"
"10/13/2023","1697155200","2023-10-13 00:00:00Z","0.01","0"
"10/14/2023","1697241600","2023-10-14 00:00:00Z","0.01","0"
"10/15/2023","1697328000","2023-10-15 00:00:00Z","0.01","0"
"10/16/2023","1697414400","2023-10-16 00:00:00Z","0.01","0"
"10/17/2023","1697500800","2023-10-17 00:00:00Z","0.01","0"
"10/18/2023","1697587200","2023-10-18 00:00:00Z","0.01","0"
"10/19/2023","1697673600","2023-10-19 00:00:00Z","0.01","0"
"10/20/2023","1697760000","2023-10-20 00:00:00Z","0.01","0"
"10/21/2023","1697846400","2023-10-21 00:00:00Z","0.01","0"
"10/22/2023","1697932800","2023-10-22 00:00:00Z","0.01","0"
"10/23/2023","1698019200","2023-10-23 00:00:00Z","0.02","0"
"10/24/2023","1698105600","2023-10-24 00:00:00Z","0.01","0"
"10/25/2023","1698192000","2023-10-25 00:00:00Z","0.01","0"
"10/26/2023","1698278400","2023-10-26 00:00:00Z","0.01","0"
"10/27/2023","1698364800","2023-10-27 00:00:00Z","0.01","0"
"10/28/2023","1698451200","2023-10-28 00:00:00Z","0.01","0"
"10/29/2023","1698537600","2023-10-29 00:00:00Z","0.01","0"
"10/30/2023","1698624000","2023-10-30 00:00:00Z","0.01","0"
"10/31/2023","1698710400","2023-10-31 00:00:00Z","0.01","0"
"11/01/2023","1698796800","2023-11-01 00:00:00Z","0.01","0"
"11/02/2023","1698883200","2023-11-02 00:00:00Z","0.01","0"
"11/03/2023","1698969600","2023-11-03 00:00:00Z","0.01","0"
"11/04/2023","1699056000","2023-11-04 00:00:00Z","0.01","0"
"11/05/2023","1699142400","2023-11-05 00:00:00Z","0.01","0"
"11/06/2023","1699228800","2023-11-06 00:00:00Z","0.01","0"
"11/07/2023","1699315200","2023-11-07 00:00:00Z","0.01","0"
"11/08/2023","1699401600","2023-11-08 00:00:00Z","0.02","0"
"11/09/2023","1699488000","2023-11-09 00:00:00Z","0.02","0"
"11/10/2023","1699574400","2023-11-10 00:00:00Z","0.02","0"
"11/11/2023","1699660800","2023-11-11 00:00:00Z","0.01","0"
"11/12/2023","1699747200","2023-11-12 00:00:00Z","0.02","0"
"11/13/2023","1699833600","2023-11-13 00:00:00Z","0.02","0"
"11/14/2023","1699920000","2023-11-14 00:00:00Z","0.03","0"
"11/15/2023","1700006400","2023-11-15 00:00:00Z","0.01","0"
"11/16/2023","1700092800","2023-11-16 00:00:00Z","0.01","0"
"11/17/2023","1700179200","2023-11-17 00:00:00Z","0.01","0"
"11/18/2023","1700265600","2023-11-18 00:00:00Z","0.01","0"
"11/19/2023","1700352000","2023-11-19 00:00:00Z","0.01","0"
"11/20/2023","1700438400","2023-11-20 00:00:00Z","0.01","0"
"11/21/2023","1700524800","2023-11-21 00:00:00Z","0.01","0"
"11/22/2023","1700611200","2023-11-22 00:00:00Z","0.02","0"
"11/23/2023","1700697600","2023-11-23 00:00:00Z","0.00","0"
"11/24/2023","1700784000","2023-11-24 00:00:00Z","0.00","0"
"11/25/2023","1700870400","2023-11-25 00:00:00Z","0.01","0"
"11/26/2023","1700956800","2023-11-26 00:00:00Z","0.00","0"
"11/27/2023","1701043200","2023-11-27 00:00:00Z","0.00","0"
"11/28/2023","1701129600","2023-11-28 00:00:00Z","0.00","0"
"11/29/2023","1701216000","2023-11-29 00:00:00Z","0.00","0"
"11/30/2023","1701302400","2023-11-30 00:00:00Z","0.00","0"
"12/01/2023","1701388800","2023-12-01 00:00:00Z","0.01","0"
"12/02/2023","1701475200","2023-12-02 00:00:00Z","0.01","0"
"12/03/2023","1701561600","2023-12-03 00:00:00Z","0.00","0"
"12/04/2023","1701648000","2023-12-04 00:00:00Z","0.01","0"
"12/05/2023","1701734400","2023-12-05 00:00:00Z","0.01","0"
"12/06/2023","1701820800","2023-12-06 00:00:00Z","0.00","0"
"12/07/2023","1701907200","2023-12-07 00:00:00Z","0.00","0"
"12/08/2023","1701993600","2023-12-08 00:00:00Z","0.01","0"
"12/09/2023","1702080000","2023-12-09 00:00:00Z","0.01","0"
"12/10/2023","1702166400","2023-12-10 00:00:00Z","0.01","0"
"12/11/2023","1702252800","2023-12-11 00:00:00Z","0.01","0"
"12/12/2023","1702339200","2023-12-12 00:00:00Z","0.01","0"
"12/13/2023","1702425600","2023-12-13 00:00:00Z","0.01","0"
"12/14/2023","1702512000","2023-12-14 00:00:00Z","0.01","0"
"12/15/2023","1702598400","2023-12-15 00:00:00Z","0.01","0"
"12/16/2023","1702684800","2023-12-16 00:00:00Z","0.01","0"
"12/17/2023","1702771200","2023-12-17 00:00:00Z","0.01","0"
"12/18/2023","1702857600","2023-12-18 00:00:00Z","0.01","0"
"12/19/2023","1702944000","2023-12-19 00:00:00Z","0.01","0"
"12/20/2023","1703030400","2023-12-20 00:00:00Z","0.01","0"
"12/21/2023","1703116800","2023-12-21 00:00:00Z","0.01","0"
"12/22/2023","1703203200","2023-12-22 00:00:00Z","0.01","0"
"12/23/2023","1703289600","2023-12-23 00:00:00Z","0.01","0"
"12/24/2023","1703376000","2023-12-24 00:00:00Z","0.01","0"
"12/25/2023","1703462400","2023-12-25 00:00:00Z","0.02","0"
"12/26/2023","1703548800","2023-12-26 00:00:00Z","0.02","0"
"12/27/2023","1703635200","2023-12-27 00:00:00Z","0.02","0"
"12/28/2023","1703721600","2023-12-28 00:00:00Z","0.01","0"
"12/29/2023","1703808000","2023-12-29 00:00:00Z","0.01","0"
"12/30/2023","1703894400","2023-12-30 00:00:00Z","0.01","0"
"12/31/2023","1703980800","2023-12-31 00:00:00Z","0.01","0"
"01/01/2024","1704067200","2024-01-01 00:00:00Z","0.01","0"
"01/02/2024","1704153600","2024-01-02 00:00:00Z","0.01","0"
"01/03/2024","1704240000","2024-01-03 00:00:00Z","0.02","0"
"01/04/2024","1704326400","2024-01-04 00:00:00Z","0.01","0"
"01/05/2024","1704412800","2024-01-05 00:00:00Z","0.01","0"
"01/06/2024","1704499200","2024-01-06 00:00:00Z","0.01","0"
"01/07/2024","1704585600","2024-01-07 00:00:00Z","0.01","0"
"01/08/2024","1704672000","2024-01-08 00:00:00Z","0.02","0"
"01/09/2024","1704758400","2024-01-09 00:00:00Z","0.01","0"
"01/10/2024","1704844800","2024-01-10 00:00:00Z","0.02","0"
"01/11/2024","1704931200","2024-01-11 00:00:00Z","0.02","0"
"01/12/2024","1705017600","2024-01-12 00:00:00Z","0.01","0"
"01/13/2024","1705104000","2024-01-13 00:00:00Z","0.01","0"
"01/14/2024","1705190400","2024-01-14 00:00:00Z","0.01","0"
"01/15/2024","1705276800","2024-01-15 00:00:00Z","0.01","0"
"01/16/2024","1705363200","2024-01-16 00:00:00Z","0.01","0"
"01/17/2024","1705449600","2024-01-17 00:00:00Z","0.01","0"
"01/18/2024","1705536000","2024-01-18 00:00:00Z","0.01","0"
"01/19/2024","1705622400","2024-01-19 00:00:00Z","0.01","0"
"01/20/2024","1705708800","2024-01-20 00:00:00Z","0.01","0"
"01/21/2024","1705795200","2024-01-21 00:00:00Z","0.01","0"
"01/22/2024","1705881600","2024-01-22 00:00:00Z","0.01","0"
"01/23/2024","1705968000","2024-01-23 00:00:00Z","0.01","0"
"01/24/2024","1706054400","2024-01-24 00:00:00Z","0.01","0"
"01/25/2024","1706140800","2024-01-25 00:00:00Z","0.01","0"
"01/26/2024","1706227200","2024-01-26 00:00:00Z","0.01","0"
"01/27/2024","1706313600","2024-01-27 00:00:00Z","0.01","0"
"01/28/2024","1706400000","2024-01-28 00:00:00Z","0.01","0"
"01/29/2024","1706486400","2024-01-29 00:00:00Z","0.01","0"
"01/30/2024","1706572800","2024-01-30 00:00:00Z","0.01","0"
"01/31/2024","1706659200","2024-01-31 00:00:00Z","0.01","0"
"02/01/2024","1706745600","2024-02-01 00:00:00Z","0.01","0"
"02/02/2024","1706832000","2024-02-02 00:00:00Z","0.01","0"
"02/03/2024","1706918400","2024-02-03 00:00:00Z","0.01","0"
"02/04/2024","1707004800","2024-02-04 00:00:00Z","0.01","0"
"02/05/2024","1707091200","2024-02-05 00:00:00Z","0.01","0"
"02/06/2024","1707177600","2024-02-06 00:00:00Z","0.01","0"
"02/07/2024","1707264000","2024-02-07 00:00:00Z","0.01","0"
"02/08/2024","1707350400","2024-02-08 00:00:00Z","0.01","0"
"02/09/2024","1707436800","2024-02-09 00:00:00Z","0.01","0"
"02/10/2024","1707523200","2024-02-10 00:00:00Z","0.01","0"
"02/11/2024","1707609600","2024-02-11 00:00:00Z","0.01","0"
"02/12/2024","1707696000","2024-02-12 00:00:00Z","0.01","0"
"02/13/2024","1707782400","2024-02-13 00:00:00Z","0.01","0"
"02/14/2024","1707868800","2024-02-14 00:00:00Z","0.01","0"
"02/15/2024","1707955200","2024-02-15 00:00:00Z","0.01","0"
"02/16/2024","1708041600","2024-02-16 00:00:00Z","0.01","0"
"02/17/2024","1708128000","2024-02-17 00:00:00Z","0.01","0"
"02/18/2024","1708214400","2024-02-18 00:00:00Z","0.01","0"
"02/19/2024","1708300800","2024-02-19 00:00:00Z","0.01","0"
"02/20/2024","1708387200","2024-02-20 00:00:00Z","0.01","0"
"02/21/2024","1708473600","2024-02-21 00:00:00Z","0.01","0"
"02/22/2024","1708560000","2024-02-22 00:00:00Z","0.02","0"
"02/23/2024","1708646400","2024-02-23 00:00:00Z","0.01","0"
"02/24/2024","1708732800","2024-02-24 00:00:00Z","0.01","0"
"02/25/2024","1708819200","2024-02-25 00:00:00Z","0.01","0"
"02/26/2024","1708905600","2024-02-26 00:00:00Z","0.01","0"
"02/27/2024","1708992000","2024-02-27 00:00:00Z","0.01","0"
"02/28/2024","1709078400","2024-02-28 00:00:00Z","0.02","0"
"02/29/2024","1709164800","2024-02-29 00:00:00Z","0.01","0"
"03/01/2024","1709251200","2024-03-01 00:00:00Z","0.01","0"
"03/02/2024","1709337600","2024-03-02 00:00:00Z","0.01","0"
"03/03/2024","1709424000","2024-03-03 00:00:00Z","0.01","0"
"03/04/2024","1709510400","2024-03-04 00:00:00Z","0.02","0"
"03/05/2024","1709596800","2024-03-05 00:00:00Z","0.03","0"
"03/06/2024","1709683200","2024-03-06 00:00:00Z","0.02","0"
"03/07/2024","1709769600","2024-03-07 00:00:00Z","0.01","0"
"03/08/2024","1709856000","2024-03-08 00:00:00Z","0.01","0"
"03/09/2024","1709942400","2024-03-09 00:00:00Z","0.01","0"
"03/10/2024","1710028800","2024-03-10 00:00:00Z","0.01","0"
"03/11/2024","1710115200","2024-03-11 00:00:00Z","0.01","0"
"03/12/2024","1710201600","2024-03-12 00:00:00Z","0.02","0"
"03/13/2024","1710288000","2024-03-13 00:00:00Z","0.01","0"
"03/14/2024","1710374400","2024-03-14 00:00:00Z","0.02","0"
"03/15/2024","1710460800","2024-03-15 00:00:00Z","0.02","0"
"03/16/2024","1710547200","2024-03-16 00:00:00Z","0.01","0"
"03/17/2024","1710633600","2024-03-17 00:00:00Z","0.01","0"
"03/18/2024","1710720000","2024-03-18 00:00:00Z","0.01","0"
"03/19/2024","1710806400","2024-03-19 00:00:00Z","0.02","0"
"03/20/2024","1710892800","2024-03-20 00:00:00Z","0.01","0"
"03/21/2024","1710979200","2024-03-21 00:00:00Z","0.01","0"
"03/22/2024","1711065600","2024-03-22 00:00:00Z","0.01","0"
"03/23/2024","1711152000","2024-03-23 00:00:00Z","0.01","0"
"03/24/2024","1711238400","2024-03-24 00:00:00Z","0.01","0"
"03/25/2024","1711324800","2024-03-25 00:00:00Z","0.01","0"
"03/26/2024","1711411200","2024-03-26 00:00:00Z","0.01","0"
"03/27/2024","1711497600","2024-03-27 00:00:00Z","0.01","0"
"03/28/2024","1711584000","2024-03-28 00:00:00Z","0.01","0"
"03/29/2024","1711670400","2024-03-29 00:00:00Z","0.01","0"
"03/30/2024","1711756800","2024-03-30 00:00:00Z","0.01","0"
"03/31/2024","1711843200","2024-03-31 00:00:00Z","0.01","0"
"04/01/2024","1711929600","2024-04-01 00:00:00Z","0.01","0"
"04/02/2024","1712016000","2024-04-02 00:00:00Z","0.01","0"
"04/03/2024","1712102400","2024-04-03 00:00:00Z","0.01","0"
"04/04/2024","1712188800","2024-04-04 00:00:00Z","0.01","0"
"04/05/2024","1712275200","2024-04-05 00:00:00Z","0.01","0"
"04/06/2024","1712361600","2024-04-06 00:00:00Z","0.01","0"
"04/07/2024","1712448000","2024-04-07 00:00:00Z","0.01","0"
"04/08/2024","1712534400","2024-04-08 00:00:00Z","0.01","0"
"04/09/2024","1712620800","2024-04-09 00:00:00Z","0.01","0"
"04/10/2024","1712707200","2024-04-10 00:00:00Z","0.01","0"
"04/11/2024","1712793600","2024-04-11 00:00:00Z","0.01","0"
"04/12/2024","1712880000","2024-04-12 00:00:00Z","0.02","0"
"04/13/2024","1712966400","2024-04-13 00:00:00Z","0.02","0"
"04/14/2024","1713052800","2024-04-14 00:00:00Z","0.01","0"
"04/15/2024","1713139200","2024-04-15 00:00:00Z","0.01","0"
"04/16/2024","1713225600","2024-04-16 00:00:00Z","0.01","0"
"04/17/2024","1713312000","2024-04-17 00:00:00Z","0.01","0"
"04/18/2024","1713398400","2024-04-18 00:00:00Z","0.01","0"
"04/19/2024","1713484800","2024-04-19 00:00:00Z","0.01","0"
"04/20/2024","1713571200","2024-04-20 00:00:00Z","0.01","0"
"04/21/2024","1713657600","2024-04-21 00:00:00Z","0.01","0"
"04/22/2024","1713744000","2024-04-22 00:00:00Z","0.01","0"
"04/23/2024","1713830400","2024-04-23 00:00:00Z","0.01","0"
"04/24/2024","1713916800","2024-04-24 00:00:00Z","0.01","0"
"04/25/2024","1714003200","2024-04-25 00:00:00Z","0.01","0"
"04/26/2024","1714089600","2024-04-26 00:00:00Z","0.01","0"
"04/27/2024","1714176000","2024-04-27 00:00:00Z","0.01","0"
"04/28/2024","1714262400","2024-04-28 00:00:00Z","0.01","0"
"04/29/2024","1714348800","2024-04-29 00:00:00Z","0.01","0"
"04/30/2024","1714435200","2024-04-30 00:00:00Z","0.01","0"
"05/01/2024","1714521600","2024-05-01 00:00:00Z","0.01","0"
"05/02/2024","1714608000","2024-05-02 00:00:00Z","0.01","0"
"05/03/2024","1714694400","2024-05-03 00:00:00Z","0.01","0"
