Date(UTC),UnixTimeStamp,Value,Value (Wei),DateTime,Average Txn Fee (USD),Average Txn Fee Per(MATIC),GasPriceValue (USD),AvgTotalAmountGasFee
2023-05-01,1682899200,2171887,348578086950.0,2023-05-01 00:00:00Z,0.02,0,19.90222591323295,19.92222591323295
2023-05-02,1682985600,2223702,308352706104.0,2023-05-02 00:00:00Z,0.02,0,17.605539325593952,17.62553932559395
2023-05-03,1683072000,2190777,331504494242.0,2023-05-03 00:00:00Z,0.02,0,18.927401298758884,18.947401298758884
2023-05-04,1683158400,2013939,304353950581.0,2023-05-04 00:00:00Z,0.02,0,17.37722854310363,17.39722854310363
2023-05-05,1683244800,2065108,349870086367.0,2023-05-05 00:00:00Z,0.02,0,19.975993213128046,19.995993213128045
2023-05-06,1683331200,1975510,289736455291.0,2023-05-06 00:00:00Z,0.02,0,16.542635938351264,16.562635938351264
2023-05-07,1683417600,1928215,243250013129.0,2023-05-07 00:00:00Z,0.02,0,13.888471180303032,13.908471180303032
2023-05-08,1683504000,2240383,308193803003.0,2023-05-08 00:00:00Z,0.02,0,17.596466680086927,17.616466680086926
2023-05-09,1683590400,2206736,232602877391.0,2023-05-09 00:00:00Z,0.01,0,13.280568077039609,13.290568077039609
2023-05-10,1683676800,2416859,333950766122.0,2023-05-10 00:00:00Z,0.02,0,19.067072314877382,19.087072314877382
2023-05-11,1683763200,2340643,267290080768.0,2023-05-11 00:00:00Z,0.02,0,15.26104987940355,15.28104987940355
2023-05-12,1683849600,2327844,280331781081.0,2023-05-12 00:00:00Z,0.02,0,16.005671746466692,16.025671746466692
2023-05-13,1683936000,2094856,204838071697.0,2023-05-13 00:00:00Z,0.01,0,11.695323748590855,11.705323748590855
2023-05-14,1684022400,2072054,200016962822.0,2023-05-14 00:00:00Z,0.01,0,11.420060323910045,11.430060323910045
2023-05-15,1684108800,2367965,227874068474.0,2023-05-15 00:00:00Z,0.01,0,13.010574560837474,13.020574560837474
2023-05-16,1684195200,2430117,213630618256.0,2023-05-16 00:00:00Z,0.01,0,12.197338231202142,12.207338231202142
2023-05-17,1684281600,2390016,209940439339.0,2023-05-17 00:00:00Z,0.01,0,11.986645771704774,11.996645771704774
2023-05-18,1684368000,2501332,202911102869.0,2023-05-18 00:00:00Z,0.01,0,11.585302578648193,11.595302578648193
2023-05-19,1684454400,2420988,211525094455.0,2023-05-19 00:00:00Z,0.01,0,12.077122383098065,12.087122383098064
2023-05-20,1684540800,2344002,177126134490.0,2023-05-20 00:00:00Z,0.01,0,10.11309797068029,10.12309797068029
2023-05-21,1684627200,2239054,182992909258.0,2023-05-21 00:00:00Z,0.01,0,10.448064169607015,10.458064169607015
2023-05-22,1684713600,2365875,212108512899.0,2023-05-22 00:00:00Z,0.01,0,12.110432927016738,12.120432927016738
2023-05-23,1684800000,2502660,199011134006.0,2023-05-23 00:00:00Z,0.01,0,11.362632065865403,11.372632065865403
2023-05-24,1684886400,2561112,229014868094.0,2023-05-24 00:00:00Z,0.01,0,13.075709038904154,13.085709038904154
2023-05-25,1684972800,2519494,212081475592.0,2023-05-25 00:00:00Z,0.01,0,12.108889219560233,12.118889219560232
2023-05-26,1685059200,2670354,255095145534.0,2023-05-26 00:00:00Z,0.01,0,14.564774453291852,14.574774453291852
2023-05-27,1685145600,2377223,187167720805.0,2023-05-27 00:00:00Z,0.01,0,10.686426951618282,10.696426951618282
2023-05-28,1685232000,2245458,204561936455.0,2023-05-28 00:00:00Z,0.01,0,11.679557680169928,11.689557680169928
2023-05-29,1685318400,2582047,220252069168.0,2023-05-29 00:00:00Z,0.01,0,12.575393011056704,12.585393011056704
2023-05-30,1685404800,2633491,233485025003.0,2023-05-30 00:00:00Z,0.01,0,13.33093469995748,13.34093469995748
2023-05-31,1685491200,2605188,214804535274.0,2023-05-31 00:00:00Z,0.01,0,12.26436356231246,12.274363562312459
2023-06-01,1685577600,2495956,211499407372.0,2023-06-01 00:00:00Z,0.01,0,12.075655767300754,12.085655767300754
2023-06-02,1685664000,2335971,221920011917.0,2023-06-02 00:00:00Z,0.01,0,12.670624968095067,12.680624968095067
2023-06-03,1685750400,2148804,196005183264.0,2023-06-03 00:00:00Z,0.01,0,11.191005928161815,11.201005928161814
2023-06-04,1685836800,2198806,191878132804.0,2023-06-04 00:00:00Z,0.01,0,10.955370087340834,10.965370087340833
2023-06-05,1685923200,2459581,275150844755.0,2023-06-05 00:00:00Z,0.01,0,15.709863808267416,15.719863808267416
2023-06-06,1686009600,2479464,249699411174.0,2023-06-06 00:00:00Z,0.01,0,14.256702522723488,14.266702522723488
2023-06-07,1686096000,2410883,238638726113.0,2023-06-07 00:00:00Z,0.01,0,13.625187630995029,13.635187630995029
2023-06-08,1686182400,2324499,209991785333.0,2023-06-08 00:00:00Z,0.01,0,11.989577394806124,11.999577394806124
2023-06-09,1686268800,2466397,232005756771.0,2023-06-09 00:00:00Z,0.01,0,13.246475201091288,13.256475201091288
2023-06-10,1686355200,2737734,652620740853.0,2023-06-10 00:00:00Z,0.03,0,37.26168082958395,37.29168082958395
2023-06-11,1686441600,2209207,243347828704.0,2023-06-11 00:00:00Z,0.01,0,13.894056005466647,13.904056005466646
2023-06-12,1686528000,2424918,282226660278.0,2023-06-12 00:00:00Z,0.01,0,16.11386074419445,16.123860744194452
2023-06-13,1686614400,2481777,292979562667.0,2023-06-13 00:00:00Z,0.01,0,16.727802642956195,16.737802642956197
2023-06-14,1686700800,2630588,387038949008.0,2023-06-14 00:00:00Z,0.01,0,22.098166490546987,22.10816649054699
2023-06-15,1686787200,2612653,339155995606.0,2023-06-15 00:00:00Z,0.01,0,19.364267282086114,19.374267282086116
2023-06-16,1686873600,2395267,274046601674.0,2023-06-16 00:00:00Z,0.01,0,15.646816542578742,15.656816542578742
2023-06-17,1686960000,2157543,267181089334.0,2023-06-17 00:00:00Z,0.01,0,15.254826963439282,15.264826963439281
2023-06-18,1687046400,2023027,233509926373.0,2023-06-18 00:00:00Z,0.01,0,13.332356455110322,13.342356455110322
2023-06-19,1687132800,2335598,248095857044.0,2023-06-19 00:00:00Z,0.01,0,14.165146863448971,14.17514686344897
2023-06-20,1687219200,2383906,260939110909.0,2023-06-20 00:00:00Z,0.01,0,14.898438339453017,14.908438339453017
2023-06-21,1687305600,2467910,289127467339.0,2023-06-21 00:00:00Z,0.01,0,16.507865491633883,16.517865491633884
2023-06-22,1687392000,2367611,303358423299.0,2023-06-22 00:00:00Z,0.01,0,17.32038845587235,17.330388455872352
2023-06-23,1687478400,2319441,270523296393.0,2023-06-23 00:00:00Z,0.01,0,15.445651809943652,15.455651809943651
2023-06-24,1687564800,2192146,226049117633.0,2023-06-24 00:00:00Z,0.01,0,12.906378154700974,12.916378154700974
2023-06-25,1687651200,2255106,235063203895.0,2023-06-25 00:00:00Z,0.01,0,13.421041548368134,13.431041548368134
2023-06-26,1687737600,2417404,244831694355.0,2023-06-26 00:00:00Z,0.01,0,13.978777996081405,13.988777996081405
2023-06-27,1687824000,2430593,243520008358.0,2023-06-27 00:00:00Z,0.01,0,13.903886681862728,13.913886681862728
2023-06-28,1687910400,2475530,299382543758.0,2023-06-28 00:00:00Z,0.01,0,17.093383788077116,17.103383788077117
2023-06-29,1687996800,2490207,238809128562.0,2023-06-29 00:00:00Z,0.01,0,13.634916837055687,13.644916837055687
2023-06-30,1688083200,2681532,355367019389.0,2023-06-30 00:00:00Z,0.02,0,20.28984312776553,20.30984312776553
2023-07-01,1688169600,2254766,199584013827.0,2023-07-01 00:00:00Z,0.01,0,11.39534090226541,11.40534090226541
2023-07-02,1688256000,2250694,206761994075.0,2023-07-02 00:00:00Z,0.01,0,11.805170980072083,11.815170980072082
2023-07-03,1688342400,2468408,229462665827.0,2023-07-03 00:00:00Z,0.01,0,13.101276256062237,13.111276256062236
2023-07-04,1688428800,2396750,208463868848.0,2023-07-04 00:00:00Z,0.01,0,11.902340301599562,11.912340301599562
2023-07-05,1688515200,2334379,235981884483.0,2023-07-05 00:00:00Z,0.01,0,13.473494038323706,13.483494038323705
2023-07-06,1688601600,2422063,218366532877.0,2023-07-06 00:00:00Z,0.01,0,12.467737450836523,12.477737450836523
2023-07-07,1688688000,2251935,178075826649.0,2023-07-07 00:00:00Z,0.01,0,10.167321080520109,10.177321080520109
2023-07-08,1688774400,2148941,141170615901.0,2023-07-08 00:00:00Z,0.01,0,8.060201128979596,8.070201128979596
2023-07-09,1688860800,2230681,150717958608.0,2023-07-09 00:00:00Z,0.01,0,8.605311044202198,8.615311044202198
2023-07-10,1688947200,2520819,222681437746.0,2023-07-10 00:00:00Z,0.01,0,12.714098925386887,12.724098925386887
2023-07-11,1689033600,2547340,185478997724.0,2023-07-11 00:00:00Z,0.01,0,10.590008531983736,10.600008531983736
2023-07-12,1689120000,2665746,246772499336.0,2023-07-12 00:00:00Z,0.01,0,14.089589147532044,14.099589147532043
2023-07-13,1689206400,2735289,378200019037.0,2023-07-13 00:00:00Z,0.02,0,21.593503725732056,21.613503725732055
2023-07-14,1689292800,2711699,274026006829.0,2023-07-14 00:00:00Z,0.02,0,15.645640670447984,15.665640670447983
2023-07-15,1689379200,2301645,153351448647.0,2023-07-15 00:00:00Z,0.01,0,8.755671367064217,8.765671367064217
2023-07-16,1689465600,2298915,158593653144.0,2023-07-16 00:00:00Z,0.01,0,9.054977439616117,9.064977439616117
2023-07-17,1689552000,2558498,192562130862.0,2023-07-17 00:00:00Z,0.01,0,10.99442327049885,11.00442327049885
2023-07-18,1689638400,2451206,188768829288.0,2023-07-18 00:00:00Z,0.01,0,10.777842975554494,10.787842975554494
2023-07-19,1689724800,2514030,191430359894.0,2023-07-19 00:00:00Z,0.01,0,10.929804287463334,10.939804287463334
2023-07-20,1689811200,2575651,187424411689.0,2023-07-20 00:00:00Z,0.01,0,10.701082835491926,10.711082835491926
2023-07-21,1689897600,2488099,175684960028.0,2023-07-21 00:00:00Z,0.01,0,10.030813453101823,10.040813453101823
2023-07-22,1689984000,2332550,171189971827.0,2023-07-22 00:00:00Z,0.01,0,9.77417003803124,9.78417003803124
2023-07-23,1690070400,2255760,137351984079.0,2023-07-23 00:00:00Z,0.01,0,7.842174591896083,7.852174591896083
2023-07-24,1690156800,2487383,154919024699.0,2023-07-24 00:00:00Z,0.01,0,8.845172841457106,8.855172841457106
2023-07-25,1690243200,2397909,141010169284.0,2023-07-25 00:00:00Z,0.01,0,8.051040355717891,8.061040355717891
2023-07-26,1690329600,2600263,164901139647.0,2023-07-26 00:00:00Z,0.01,0,9.415106277391798,9.425106277391798
2023-07-27,1690416000,2641294,184365950953.0,2023-07-27 00:00:00Z,0.01,0,10.52645861557257,10.53645861557257
2023-07-28,1690502400,2558509,171859764245.0,2023-07-28 00:00:00Z,0.01,0,9.812412143651375,9.822412143651375
2023-07-29,1690588800,2554503,133397587970.0,2023-07-29 00:00:00Z,0.01,0,7.61639653051434,7.62639653051434
2023-07-30,1690675200,2489002,127014024353.0,2023-07-30 00:00:00Z,0.01,0,7.251924034986382,7.261924034986381
2023-07-31,1690761600,2684598,159730603032.0,2023-07-31 00:00:00Z,0.01,0,9.119892115466774,9.129892115466774
2023-08-01,1690848000,2605889,183586412305.0,2023-08-01 00:00:00Z,0.01,0,10.481950498564006,10.491950498564005
2023-08-02,1690934400,2531358,141390061873.0,2023-08-02 00:00:00Z,0.01,0,8.072730497502752,8.082730497502752
2023-08-03,1691020800,2643762,157457441513.0,2023-08-03 00:00:00Z,0.01,0,8.990104914887825,9.000104914887824
2023-08-04,1691107200,2642305,134159102332.0,2023-08-04 00:00:00Z,0.01,0,7.659875542638444,7.669875542638444
2023-08-05,1691193600,2402046,150955746924.0,2023-08-05 00:00:00Z,0.01,0,8.618887677277352,8.628887677277351
2023-08-06,1691280000,2331349,102421564222.0,2023-08-06 00:00:00Z,0.01,0,5.847806232941234,5.8578062329412335
2023-08-07,1691366400,2561784,129897936557.0,2023-08-07 00:00:00Z,0.01,0,7.41658232633265,7.42658232633265
2023-08-08,1691452800,2752920,154057216695.0,2023-08-08 00:00:00Z,0.01,0,8.795967517796296,8.805967517796295
2023-08-09,1691539200,2688279,145315483521.0,2023-08-09 00:00:00Z,0.01,0,8.296854248730973,8.306854248730973
2023-08-10,1691625600,2532610,196014106589.0,2023-08-10 00:00:00Z,0.01,0,11.191515409499557,11.201515409499557
2023-08-11,1691712000,2482813,164822651572.0,2023-08-11 00:00:00Z,0.01,0,9.410624964714307,9.420624964714307
2023-08-12,1691798400,2303100,160917543459.0,2023-08-12 00:00:00Z,0.01,0,9.18766102409324,9.19766102409324
2023-08-13,1691884800,2321402,123555753424.0,2023-08-13 00:00:00Z,0.01,0,7.054472468537236,7.064472468537236
2023-08-14,1691971200,2328379,171981287263.0,2023-08-14 00:00:00Z,0.01,0,9.819350556157612,9.829350556157612
2023-08-15,1692057600,2406476,145095589064.0,2023-08-15 00:00:00Z,0.01,0,8.284299273750834,8.294299273750834
2023-08-16,1692144000,2446608,137558274146.0,2023-08-16 00:00:00Z,0.01,0,7.853952817983138,7.8639528179831375
2023-08-17,1692230400,2541013,319036317157.0,2023-08-17 00:00:00Z,0.02,0,18.21552500371381,18.23552500371381
2023-08-18,1692316800,2462636,176097802446.0,2023-08-18 00:00:00Z,0.01,0,10.054384880501331,10.064384880501331
2023-08-19,1692403200,2294609,126674970286.0,2023-08-19 00:00:00Z,0.01,0,7.232565587364853,7.242565587364853
2023-08-20,1692489600,2128627,117923557571.0,2023-08-20 00:00:00Z,0.01,0,6.732899660462073,6.742899660462073
2023-08-21,1692576000,2223474,144076625995.0,2023-08-21 00:00:00Z,0.01,0,8.226121109500975,8.236121109500974
2023-08-22,1692662400,2235798,160392688659.0,2023-08-22 00:00:00Z,0.01,0,9.15769419831643,9.167694198316429
2023-08-23,1692748800,2242365,158988112051.0,2023-08-23 00:00:00Z,0.01,0,9.077499252014862,9.087499252014862
2023-08-24,1692835200,2179442,148446909076.0,2023-08-24 00:00:00Z,0.01,0,8.475644428490668,8.485644428490668
2023-08-25,1692921600,2182771,172972179782.0,2023-08-25 00:00:00Z,0.01,0,9.8759260194675,9.8859260194675
2023-08-26,1693008000,1993312,147119996461.0,2023-08-26 00:00:00Z,0.01,0,8.39988374352645,8.40988374352645
2023-08-27,1693094400,1906524,150434092900.0,2023-08-27 00:00:00Z,0.01,0,8.589103601275797,8.599103601275797
2023-08-28,1693180800,2105860,162878829787.0,2023-08-28 00:00:00Z,0.01,0,9.299641567454218,9.309641567454218
2023-08-29,1693267200,2185018,266862205044.0,2023-08-29 00:00:00Z,0.02,0,15.236620118495898,15.256620118495897
2023-08-30,1693353600,2192996,180607632429.0,2023-08-30 00:00:00Z,0.01,0,10.311875693929348,10.321875693929348
2023-08-31,1693440000,2297006,200546395910.0,2023-08-31 00:00:00Z,0.01,0,11.450288549142194,11.460288549142193
2023-09-01,1693526400,2191828,197246003895.0,2023-09-01 00:00:00Z,0.01,0,11.261851151773087,11.271851151773086
2023-09-02,1693612800,2191431,141851582025.0,2023-09-02 00:00:00Z,0.01,0,8.099081202473862,8.109081202473861
2023-09-03,1693699200,2170076,143559079562.0,2023-09-03 00:00:00Z,0.01,0,8.196571558293439,8.206571558293438
2023-09-04,1693785600,2528963,198556848015.0,2023-09-04 00:00:00Z,0.01,0,11.33669439863793,11.34669439863793
2023-09-05,1693872000,2279475,167421045010.0,2023-09-05 00:00:00Z,0.01,0,9.558981431028714,9.568981431028714
2023-09-06,1693958400,2263407,220995733950.0,2023-09-06 00:00:00Z,0.01,0,12.617852893215625,12.627852893215625
2023-09-07,1694044800,2306538,239075690573.0,2023-09-07 00:00:00Z,0.01,0,13.650136317457415,13.660136317457415
2023-09-08,1694131200,2370971,203917282544.0,2023-09-08 00:00:00Z,0.01,0,11.642750869148523,11.652750869148523
2023-09-09,1694217600,2003992,150860815605.0,2023-09-09 00:00:00Z,0.01,0,8.613467530034274,8.623467530034274
2023-09-10,1694304000,1925273,194915107829.0,2023-09-10 00:00:00Z,0.01,0,11.128767570726145,11.138767570726145
2023-09-11,1694390400,2298669,224838128410.0,2023-09-11 00:00:00Z,0.01,0,12.837236169025626,12.847236169025626
2023-09-12,1694476800,2164660,226439146847.0,2023-09-12 00:00:00Z,0.01,0,12.928647051744125,12.938647051744125
2023-09-13,1694563200,2013968,208008233579.0,2023-09-13 00:00:00Z,0.01,0,11.876325596725197,11.886325596725197
2023-09-14,1694649600,2185409,204523247108.0,2023-09-14 00:00:00Z,0.01,0,11.677348694139948,11.687348694139947
2023-09-15,1694736000,2125567,163027072539.0,2023-09-15 00:00:00Z,0.01,0,9.30810555544072,9.31810555544072
2023-09-16,1694822400,2041819,147733782927.0,2023-09-16 00:00:00Z,0.01,0,8.434928163603749,8.444928163603748
2023-09-17,1694908800,1956637,150040622818.0,2023-09-17 00:00:00Z,0.01,0,8.566638246294417,8.576638246294417
2023-09-18,1694995200,2134222,165367369518.0,2023-09-18 00:00:00Z,0.01,0,9.441725885931536,9.451725885931536
2023-09-19,1695081600,2199771,145353123084.0,2023-09-19 00:00:00Z,0.01,0,8.299003296861498,8.309003296861498
2023-09-20,1695168000,2264990,145994494674.0,2023-09-20 00:00:00Z,0.01,0,8.33562270225843,8.34562270225843
2023-09-21,1695254400,2319465,145517353560.0,2023-09-21 00:00:00Z,0.01,0,8.308380111290049,8.318380111290049
2023-09-22,1695340800,2216853,130320453189.0,2023-09-22 00:00:00Z,0.01,0,7.440706107422103,7.450706107422103
2023-09-23,1695427200,2122847,120985487433.0,2023-09-23 00:00:00Z,0.01,0,6.90772195172314,6.91772195172314
2023-09-24,1695513600,2146985,118644864319.0,2023-09-24 00:00:00Z,0.01,0,6.774083000404766,6.784083000404766
2023-09-25,1695600000,2422032,140544526537.0,2023-09-25 00:00:00Z,0.01,0,8.024454269292495,8.034454269292494
2023-09-26,1695686400,2374857,120871744912.0,2023-09-26 00:00:00Z,0.01,0,6.901227770265292,6.911227770265292
2023-09-27,1695772800,2191284,132816984480.0,2023-09-27 00:00:00Z,0.01,0,7.583246707686698,7.593246707686697
2023-09-28,1695859200,2282339,128274158429.0,2023-09-28 00:00:00Z,0.01,0,7.323871968607099,7.333871968607099
2023-09-29,1695945600,2187780,114470819067.0,2023-09-29 00:00:00Z,0.01,0,6.535763970358344,6.545763970358344
2023-09-30,1696032000,2124863,110611588967.0,2023-09-30 00:00:00Z,0.01,0,6.31541945595298,6.3254194559529795
2023-10-01,1696118400,2079066,149582384643.0,2023-10-01 00:00:00Z,0.01,0,8.54047492730694,8.55047492730694
2023-10-02,1696204800,2400807,400744794441.0,2023-10-02 00:00:00Z,0.02,0,22.880708028158175,22.900708028158174
2023-10-03,1696291200,2448024,255466557799.0,2023-10-03 00:00:00Z,0.01,0,14.585980407084454,14.595980407084454
2023-10-04,1696377600,2359588,150398692749.0,2023-10-04 00:00:00Z,0.01,0,8.587082413401571,8.597082413401571
2023-10-05,1696464000,2352477,112728198320.0,2023-10-05 00:00:00Z,0.01,0,6.4362682387380845,6.446268238738084
2023-10-06,1696550400,2246005,129274332677.0,2023-10-06 00:00:00Z,0.01,0,7.380977376495658,7.390977376495658
2023-10-07,1696636800,2146528,112175875702.0,2023-10-07 00:00:00Z,0.01,0,6.404733125281566,6.414733125281566
2023-10-08,1696723200,2037330,109056281128.0,2023-10-08 00:00:00Z,0.01,0,6.226618440813895,6.236618440813895
2023-10-09,1696809600,2158221,128808610320.0,2023-10-09 00:00:00Z,0.01,0,7.354386744700762,7.364386744700762
2023-10-10,1696896000,2117899,127973234091.0,2023-10-10 00:00:00Z,0.01,0,7.306690555368907,7.316690555368907
2023-10-11,1696982400,2544895,202019719846.0,2023-10-11 00:00:00Z,0.01,0,11.534408655699124,11.544408655699124
2023-10-12,1697068800,2592924,164800945275.0,2023-10-12 00:00:00Z,0.01,0,9.40938563372132,9.419385633721319
2023-10-13,1697155200,2477447,153723574627.0,2023-10-13 00:00:00Z,0.01,0,8.776918070742424,8.786918070742423
2023-10-14,1697241600,2356532,91843954379.0,2023-10-14 00:00:00Z,0.01,0,5.243872742573495,5.253872742573495
2023-10-15,1697328000,2278429,87790576777.0,2023-10-15 00:00:00Z,0.01,0,5.012443287404634,5.022443287404633
2023-10-16,1697414400,2348764,199943207971.0,2023-10-16 00:00:00Z,0.01,0,11.415849256829945,11.425849256829945
2023-10-17,1697500800,2404413,130718618534.0,2023-10-17 00:00:00Z,0.01,0,7.463439540600152,7.473439540600152
2023-10-18,1697587200,2329347,103210584926.0,2023-10-18 00:00:00Z,0.01,0,5.89285573229051,5.90285573229051
2023-10-19,1697673600,2458143,112730264789.0,2023-10-19 00:00:00Z,0.01,0,6.436386224734394,6.446386224734394
2023-10-20,1697760000,2427074,118668941457.0,2023-10-20 00:00:00Z,0.01,0,6.775457695653148,6.785457695653148
2023-10-21,1697846400,2648707,138364160426.0,2023-10-21 00:00:00Z,0.01,0,7.899965265137441,7.909965265137441
2023-10-22,1697932800,2517907,151436685995.0,2023-10-22 00:00:00Z,0.01,0,8.646347114344362,8.656347114344362
2023-10-23,1698019200,2523330,276231087010.0,2023-10-23 00:00:00Z,0.02,0,15.771540735776387,15.791540735776387
2023-10-24,1698105600,2523623,227978439818.0,2023-10-24 00:00:00Z,0.01,0,13.01653369064202,13.02653369064202
2023-10-25,1698192000,2369681,161564198124.0,2023-10-25 00:00:00Z,0.01,0,9.224582069082858,9.234582069082858
2023-10-26,1698278400,2392321,175224016824.0,2023-10-26 00:00:00Z,0.01,0,10.00449568924166,10.01449568924166
2023-10-27,1698364800,2218548,158427393340.0,2023-10-27 00:00:00Z,0.01,0,9.045484759773704,9.055484759773703
2023-10-28,1698451200,2012393,113051368344.0,2023-10-28 00:00:00Z,0.01,0,6.454719779631862,6.464719779631862
2023-10-29,1698537600,2083751,121469982395.0,2023-10-29 00:00:00Z,0.01,0,6.935384414019373,6.945384414019372
2023-10-30,1698624000,2330574,132521780871.0,2023-10-30 00:00:00Z,0.01,0,7.566391922097257,7.576391922097256
2023-10-31,1698710400,2488509,141254644634.0,2023-10-31 00:00:00Z,0.01,0,8.064998788069419,8.074998788069419
2023-11-01,1698796800,2621386,165332592628.0,2023-11-01 00:00:00Z,0.01,0,9.439740283430254,9.449740283430254
2023-11-02,1698883200,2692789,156585673069.0,2023-11-02 00:00:00Z,0.01,0,8.940330895332188,8.950330895332188
2023-11-03,1698969600,2364148,147773681205.0,2023-11-03 00:00:00Z,0.01,0,8.437206174104215,8.447206174104215
2023-11-04,1699056000,2189368,115821740971.0,2023-11-04 00:00:00Z,0.01,0,6.612895476701137,6.622895476701137
2023-11-05,1699142400,2208786,122060182504.0,2023-11-05 00:00:00Z,0.01,0,6.9690821602148105,6.97908216021481
2023-11-06,1699228800,2454958,177069145882.0,2023-11-06 00:00:00Z,0.01,0,10.109844179941977,10.119844179941976
2023-11-07,1699315200,2425689,253027306071.0,2023-11-07 00:00:00Z,0.01,0,14.446710209767481,14.456710209767481
2023-11-08,1699401600,2311451,285734754056.0,2023-11-08 00:00:00Z,0.02,0,16.314156969081868,16.334156969081867
2023-11-09,1699488000,2466033,380143526737.0,2023-11-09 00:00:00Z,0.02,0,21.704469190164865,21.724469190164864
2023-11-10,1699574400,2274095,312605027828.0,2023-11-10 00:00:00Z,0.02,0,17.84832758674743,17.86832758674743
2023-11-11,1699660800,2351770,174444973732.0,2023-11-11 00:00:00Z,0.01,0,9.960015866230433,9.970015866230433
2023-11-12,1699747200,2508647,158455998388.0,2023-11-12 00:00:00Z,0.02,0,9.047117978122385,9.067117978122385
2023-11-13,1699833600,2859740,201135342632.0,2023-11-13 00:00:00Z,0.02,0,11.483914732631414,11.503914732631413
2023-11-14,1699920000,2892351,254462450695.0,2023-11-14 00:00:00Z,0.03,0,14.528650450976926,14.558650450976925
2023-11-15,1700006400,6171964,251904543805.0,2023-11-15 00:00:00Z,0.01,0,14.382605582708722,14.392605582708722
2023-11-16,1700092800,16449264,2033238298461.0,2023-11-16 00:00:00Z,0.01,0,116.08867414896515,116.09867414896516
2023-11-17,1700179200,7473473,1024757036937.0,2023-11-17 00:00:00Z,0.01,0,58.50897350934406,58.51897350934406
2023-11-18,1700265600,3242239,88971803443.0,2023-11-18 00:00:00Z,0.01,0,5.07988596622351,5.08988596622351
2023-11-19,1700352000,3709501,80812956718.0,2023-11-19 00:00:00Z,0.01,0,4.614052866578085,4.624052866578085
2023-11-20,1700438400,3298554,106155543689.0,2023-11-20 00:00:00Z,0.01,0,6.060999504950518,6.070999504950517
2023-11-21,1700524800,2750052,128761207714.0,2023-11-21 00:00:00Z,0.01,0,7.351680271147754,7.361680271147754
2023-11-22,1700611200,2694721,144291683043.0,2023-11-22 00:00:00Z,0.02,0,8.238399890393312,8.258399890393312
2023-11-23,1700697600,7871228,271096866013.0,2023-11-23 00:00:00Z,0.0,0,15.478400030734262,15.478400030734262
2023-11-24,1700784000,16229568,663033311959.0,2023-11-24 00:00:00Z,0.0,0,37.85619135749026,37.85619135749026
2023-11-25,1700870400,5114850,228870258928.0,2023-11-25 00:00:00Z,0.01,0,13.06745251217857,13.077452512178569
2023-11-26,1700956800,7027954,165655367177.0,2023-11-26 00:00:00Z,0.0,0,9.458169244497338,9.458169244497338
2023-11-27,1701043200,8224510,82495598419.0,2023-11-27 00:00:00Z,0.0,0,4.710124067029455,4.710124067029455
2023-11-28,1701129600,10702945,125771002432.0,2023-11-28 00:00:00Z,0.0,0,7.180953127711906,7.180953127711906
2023-11-29,1701216000,11433069,174911100471.0,2023-11-29 00:00:00Z,0.0,0,9.986629586401282,9.986629586401282
2023-11-30,1701302400,15068285,435316296623.0,2023-11-30 00:00:00Z,0.0,0,24.854583817672975,24.854583817672975
2023-12-01,1701388800,5335008,239643639142.0,2023-12-01 00:00:00Z,0.01,0,13.68256360176045,13.69256360176045
2023-12-02,1701475200,4745575,65950960305.0,2023-12-02 00:00:00Z,0.01,0,3.7655003579529187,3.7755003579529185
2023-12-03,1701561600,1566342,73519529157.0,2023-12-03 00:00:00Z,0.0,0,4.1976312714316215,4.1976312714316215
2023-12-04,1701648000,5861156,121611418329.0,2023-12-04 00:00:00Z,0.01,0,6.943459763607027,6.953459763607027
2023-12-05,1701734400,5662922,139569489208.0,2023-12-05 00:00:00Z,0.01,0,7.968784065335075,7.978784065335075
2023-12-06,1701820800,7941903,156608023392.0,2023-12-06 00:00:00Z,0.0,0,8.941606997285332,8.941606997285332
2023-12-07,1701907200,10463616,207155064468.0,2023-12-07 00:00:00Z,0.0,0,11.827613514626503,11.827613514626503
2023-12-08,1701993600,13603659,625585325170.0,2023-12-08 00:00:00Z,0.01,0,35.71808135869006,35.728081358690055
2023-12-09,1702080000,5332236,172980960997.0,2023-12-09 00:00:00Z,0.01,0,9.876427386969548,9.886427386969547
2023-12-10,1702166400,5122122,101731429683.0,2023-12-10 00:00:00Z,0.01,0,5.808402684583149,5.818402684583149
2023-12-11,1702252800,5623556,438238808555.0,2023-12-11 00:00:00Z,0.01,0,25.02144597821127,25.03144597821127
2023-12-12,1702339200,7777804,157633649918.0,2023-12-12 00:00:00Z,0.01,0,9.000165614671927,9.010165614671926
2023-12-13,1702425600,9483888,259346232574.0,2023-12-13 00:00:00Z,0.01,0,14.807492219595483,14.817492219595483
2023-12-14,1702512000,8082825,239586271727.0,2023-12-14 00:00:00Z,0.01,0,13.679288182862553,13.689288182862553
2023-12-15,1702598400,6162645,234070965112.0,2023-12-15 00:00:00Z,0.01,0,13.364389219497072,13.374389219497072
2023-12-16,1702684800,4190261,481822660939.0,2023-12-16 00:00:00Z,0.01,0,27.50988604025047,27.519886040250473
2023-12-17,1702771200,3780911,154666946713.0,2023-12-17 00:00:00Z,0.01,0,8.830780333112642,8.840780333112642
2023-12-18,1702857600,3483495,147315533594.0,2023-12-18 00:00:00Z,0.01,0,8.411048025909897,8.421048025909897
2023-12-19,1702944000,4903705,278091557881.0,2023-12-19 00:00:00Z,0.01,0,15.877765174333659,15.887765174333659
2023-12-20,1703030400,8009249,897793950346.0,2023-12-20 00:00:00Z,0.01,0,51.259957789265556,51.269957789265554
2023-12-21,1703116800,6614851,239144510014.0,2023-12-21 00:00:00Z,0.01,0,13.654065595037622,13.664065595037622
2023-12-22,1703203200,5368974,249716632787.0,2023-12-22 00:00:00Z,0.01,0,14.257685798624493,14.267685798624493
2023-12-23,1703289600,5212619,144534019255.0,2023-12-23 00:00:00Z,0.01,0,8.252236187678612,8.262236187678612
2023-12-24,1703376000,4728701,195027183971.0,2023-12-24 00:00:00Z,0.01,0,11.135166609509922,11.145166609509921
2023-12-25,1703462400,3752421,193998951592.0,2023-12-25 00:00:00Z,0.02,0,11.076459209749896,11.096459209749895
2023-12-26,1703548800,3944754,220171605283.0,2023-12-26 00:00:00Z,0.02,0,12.57079888860013,12.59079888860013
2023-12-27,1703635200,4097995,251666736574.0,2023-12-27 00:00:00Z,0.02,0,14.369027869672959,14.389027869672958
2023-12-28,1703721600,4483876,296769473621.0,2023-12-28 00:00:00Z,0.01,0,16.94418934889495,16.954189348894953
2023-12-29,1703808000,4526832,244188780924.0,2023-12-29 00:00:00Z,0.01,0,13.942070558564689,13.952070558564689
2023-12-30,1703894400,4621987,216550249437.0,2023-12-30 00:00:00Z,0.01,0,12.364035913939485,12.374035913939485
2023-12-31,1703980800,3930470,173245526181.0,2023-12-31 00:00:00Z,0.01,0,9.89153285761693,9.90153285761693
2024-01-01,1704067200,3059676,102440194676.0,2024-01-01 00:00:00Z,0.01,0,5.8488699472659595,5.858869947265959
2024-01-02,1704153600,3730634,120419435984.0,2024-01-02 00:00:00Z,0.01,0,6.8754029843575095,6.885402984357509
2024-01-03,1704240000,3916286,335397711329.0,2024-01-03 00:00:00Z,0.02,0,19.149686315791083,19.169686315791083
2024-01-04,1704326400,3590581,150041442772.0,2024-01-04 00:00:00Z,0.01,0,8.566685061944504,8.576685061944504
2024-01-05,1704412800,3446044,132421452220.0,2024-01-05 00:00:00Z,0.01,0,7.560663611705621,7.570663611705621
2024-01-06,1704499200,3253864,92262416030.0,2024-01-06 00:00:00Z,0.01,0,5.267765002661035,5.2777650026610345
2024-01-07,1704585600,3107266,90395689120.0,2024-01-07 00:00:00Z,0.01,0,5.161183372684793,5.1711833726847924
2024-01-08,1704672000,3263058,167506028208.0,2024-01-08 00:00:00Z,0.02,0,9.563833585735924,9.583833585735924
2024-01-09,1704758400,2687615,150108598571.0,2024-01-09 00:00:00Z,0.01,0,8.570519353120911,8.580519353120911
2024-01-10,1704844800,3416877,184748756763.0,2024-01-10 00:00:00Z,0.02,0,10.548315089047941,10.56831508904794
2024-01-11,1704931200,3498530,183535519172.0,2024-01-11 00:00:00Z,0.02,0,10.479044731769367,10.499044731769366
2024-01-12,1705017600,3356772,164575106430.0,2024-01-12 00:00:00Z,0.01,0,9.39649126117914,9.40649126117914
2024-01-13,1705104000,3060409,141343294940.0,2024-01-13 00:00:00Z,0.01,0,8.07006031799153,8.08006031799153
2024-01-14,1705190400,2923707,83098159203.0,2024-01-14 00:00:00Z,0.01,0,4.74452755163904,4.75452755163904
2024-01-15,1705276800,3295568,77576815409.0,2024-01-15 00:00:00Z,0.01,0,4.429283892766769,4.439283892766769
2024-01-16,1705363200,3351331,79622000498.0,2024-01-16 00:00:00Z,0.01,0,4.546054674406557,4.556054674406557
2024-01-17,1705449600,3346018,132325606153.0,2024-01-17 00:00:00Z,0.01,0,7.555191236505506,7.565191236505505
2024-01-18,1705536000,3405947,103292101235.0,2024-01-18 00:00:00Z,0.01,0,5.897509943378552,5.907509943378551
2024-01-19,1705622400,3600277,124139577635.0,2024-01-19 00:00:00Z,0.01,0,7.087806179909069,7.097806179909068
2024-01-20,1705708800,3130483,73383203892.0,2024-01-20 00:00:00Z,0.01,0,4.189847717836927,4.199847717836927
2024-01-21,1705795200,3073884,69944346274.0,2024-01-21 00:00:00Z,0.01,0,3.9935045632923467,4.0035045632923465
2024-01-22,1705881600,3490538,177904184234.0,2024-01-22 00:00:00Z,0.01,0,10.157521078031392,10.167521078031392
2024-01-23,1705968000,3290597,170262684374.0,2024-01-23 00:00:00Z,0.01,0,9.721226135166917,9.731226135166917
2024-01-24,1706054400,3328762,100354004368.0,2024-01-24 00:00:00Z,0.01,0,5.729757953821092,5.739757953821091
2024-01-25,1706140800,3322108,113822026572.0,2024-01-25 00:00:00Z,0.01,0,6.498720864983357,6.508720864983357
2024-01-26,1706227200,3315370,100537693056.0,2024-01-26 00:00:00Z,0.01,0,5.740245743797418,5.750245743797418
2024-01-27,1706313600,3202058,82381687722.0,2024-01-27 00:00:00Z,0.01,0,4.703620283485675,4.713620283485675
2024-01-28,1706400000,3109010,73300501531.0,2024-01-28 00:00:00Z,0.01,0,4.185125788565407,4.195125788565407
2024-01-29,1706486400,3468587,134472750756.0,2024-01-29 00:00:00Z,0.01,0,7.677783443408675,7.687783443408675
2024-01-30,1706572800,3515883,116638426810.0,2024-01-30 00:00:00Z,0.01,0,6.659524529634829,6.6695245296348284
2024-01-31,1706659200,3416184,212879834091.0,2024-01-31 00:00:00Z,0.01,0,12.154471864602192,12.164471864602191
2024-02-01,1706745600,3509414,128453397067.0,2024-02-01 00:00:00Z,0.01,0,7.334105680935573,7.344105680935573
2024-02-02,1706832000,3408284,131897307401.0,2024-02-02 00:00:00Z,0.01,0,7.530737322619972,7.540737322619972
2024-02-03,1706918400,3404880,99297390349.0,2024-02-03 00:00:00Z,0.01,0,5.669430091294714,5.679430091294714
2024-02-04,1707004800,3292856,123559727874.0,2024-02-04 00:00:00Z,0.01,0,7.054699391584732,7.064699391584732
2024-02-05,1707091200,3644356,122305728560.0,2024-02-05 00:00:00Z,0.01,0,6.983101725016991,6.993101725016991
2024-02-06,1707177600,3580425,111685727971.0,2024-02-06 00:00:00Z,0.01,0,6.3767479155439855,6.386747915543985
2024-02-07,1707264000,3516137,93388548635.0,2024-02-07 00:00:00Z,0.01,0,5.332062060772386,5.342062060772386
2024-02-08,1707350400,3604597,104947146626.0,2024-02-08 00:00:00Z,0.01,0,5.992005519840482,6.002005519840481
2024-02-09,1707436800,3567163,103128688250.0,2024-02-09 00:00:00Z,0.01,0,5.88817980397397,5.89817980397397
2024-02-10,1707523200,3406490,68090388642.0,2024-02-10 00:00:00Z,0.01,0,3.8876520011061326,3.8976520011061324
2024-02-11,1707609600,3438115,96393767075.0,2024-02-11 00:00:00Z,0.01,0,5.503646387357071,5.5136463873570705
2024-02-12,1707696000,3592372,156377956981.0,2024-02-12 00:00:00Z,0.01,0,8.928471249921426,8.938471249921426
2024-02-13,1707782400,3701269,114280542061.0,2024-02-13 00:00:00Z,0.01,0,6.524900017340985,6.534900017340985
2024-02-14,1707868800,3855202,104518016770.0,2024-02-14 00:00:00Z,0.01,0,5.967504153690491,5.977504153690491
2024-02-15,1707955200,3894882,136754946070.0,2024-02-15 00:00:00Z,0.01,0,7.808086432660734,7.818086432660734
2024-02-16,1708041600,3884767,130507225503.0,2024-02-16 00:00:00Z,0.01,0,7.451369958440651,7.461369958440651
2024-02-17,1708128000,3763554,93662647919.0,2024-02-17 00:00:00Z,0.01,0,5.347711885236555,5.357711885236554
2024-02-18,1708214400,3946339,154207718800.0,2024-02-18 00:00:00Z,0.01,0,8.804560504579648,8.814560504579648
2024-02-19,1708300800,4242914,141805818377.0,2024-02-19 00:00:00Z,0.01,0,8.096468305980343,8.106468305980343
2024-02-20,1708387200,4135791,191415073116.0,2024-02-20 00:00:00Z,0.01,0,10.928931481854974,10.938931481854974
2024-02-21,1708473600,4461661,177140605713.0,2024-02-21 00:00:00Z,0.01,0,10.11392421180149,10.123924211801489
2024-02-22,1708560000,4475630,200438363896.0,2024-02-22 00:00:00Z,0.02,0,11.444120411703313,11.464120411703313
2024-02-23,1708646400,4232386,173924274565.0,2024-02-23 00:00:00Z,0.01,0,9.930286308227688,9.940286308227687
2024-02-24,1708732800,4210721,99917886135.0,2024-02-24 00:00:00Z,0.01,0,5.704857583077789,5.714857583077789
2024-02-25,1708819200,4190137,82492125291.0,2024-02-25 00:00:00Z,0.01,0,4.709925767191716,4.719925767191715
2024-02-26,1708905600,4466849,125431968005.0,2024-02-26 00:00:00Z,0.01,0,7.161595801445193,7.171595801445193
2024-02-27,1708992000,4436902,132022135522.0,2024-02-27 00:00:00Z,0.01,0,7.537864441499429,7.547864441499429
2024-02-28,1709078400,4503888,297509864060.0,2024-02-28 00:00:00Z,0.02,0,16.986462280936976,17.006462280936976
2024-02-29,1709164800,4669851,176880046123.0,2024-02-29 00:00:00Z,0.01,0,10.099047442382581,10.10904744238258
2024-03-01,1709251200,4579686,132136238492.0,2024-03-01 00:00:00Z,0.01,0,7.544379202958419,7.554379202958419
2024-03-02,1709337600,4661782,127475115391.0,2024-03-02 00:00:00Z,0.01,0,7.278250239496648,7.288250239496648
2024-03-03,1709424000,4551154,150532894609.0,2024-03-03 00:00:00Z,0.01,0,8.594744730212895,8.604744730212895
2024-03-04,1709510400,4635025,211913975648.0,2024-03-04 00:00:00Z,0.02,0,12.099325733355144,12.119325733355144
2024-03-05,1709596800,4563322,420606113282.0,2024-03-05 00:00:00Z,0.03,0,24.014699146093914,24.044699146093915
2024-03-06,1709683200,4727727,224231363655.0,2024-03-06 00:00:00Z,0.02,0,12.802592656761675,12.822592656761675
2024-03-07,1709769600,5056520,220920387831.0,2024-03-07 00:00:00Z,0.01,0,12.613550971958485,12.623550971958485
2024-03-08,1709856000,5066547,211702126128.0,2024-03-08 00:00:00Z,0.01,0,12.087230087746606,12.097230087746606
2024-03-09,1709942400,4796452,155003777066.0,2024-03-09 00:00:00Z,0.01,0,8.850011816762393,8.860011816762393
2024-03-10,1710028800,4973232,167089184095.0,2024-03-10 00:00:00Z,0.01,0,9.540033679723138,9.550033679723137
2024-03-11,1710115200,5118075,195883514665.0,2024-03-11 00:00:00Z,0.01,0,11.184059203641544,11.194059203641544
2024-03-12,1710201600,4884933,209389378621.0,2024-03-12 00:00:00Z,0.02,0,11.955182707008117,11.975182707008116
2024-03-13,1710288000,4874669,163604044558.0,2024-03-13 00:00:00Z,0.01,0,9.341048037764343,9.351048037764343
2024-03-14,1710374400,4664963,220924737996.0,2024-03-14 00:00:00Z,0.02,0,12.613799346626404,12.633799346626404
2024-03-15,1710460800,4853697,298680079921.0,2024-03-15 00:00:00Z,0.02,0,17.053276292789107,17.073276292789107
2024-03-16,1710547200,4711774,130976993516.0,2024-03-16 00:00:00Z,0.01,0,7.4781915788223055,7.488191578822305
2024-03-17,1710633600,4236424,102763228568.0,2024-03-17 00:00:00Z,0.01,0,5.867313715640697,5.877313715640697
2024-03-18,1710720000,4517304,125382140004.0,2024-03-18 00:00:00Z,0.01,0,7.158750848851116,7.168750848851116
2024-03-19,1710806400,4642536,209763172904.0,2024-03-19 00:00:00Z,0.02,0,11.976524663212059,11.996524663212059
2024-03-20,1710892800,4498076,178730791331.0,2024-03-20 00:00:00Z,0.01,0,10.20471658974563,10.21471658974563
2024-03-21,1710979200,4432849,166916263114.0,2024-03-21 00:00:00Z,0.01,0,9.530160676921634,9.540160676921634
2024-03-22,1711065600,4509319,149717928299.0,2024-03-22 00:00:00Z,0.01,0,8.548213854576927,8.558213854576927
2024-03-23,1711152000,4251460,85118900268.0,2024-03-23 00:00:00Z,0.01,0,4.859902690505832,4.869902690505832
2024-03-24,1711238400,4194562,68896440804.0,2024-03-24 00:00:00Z,0.01,0,3.933673919369385,3.9436739193693846
2024-03-25,1711324800,4413871,122827407210.0,2024-03-25 00:00:00Z,0.01,0,7.012887207051321,7.022887207051321
2024-03-26,1711411200,4652410,125691296581.0,2024-03-26 00:00:00Z,0.01,0,7.17640228555459,7.18640228555459
2024-03-27,1711497600,4582616,208748418612.0,2024-03-27 00:00:00Z,0.01,0,11.918586801017344,11.928586801017344
2024-03-28,1711584000,4597859,159341064615.0,2024-03-28 00:00:00Z,0.01,0,9.09765124070367,9.10765124070367
2024-03-29,1711670400,4415368,150132483222.0,2024-03-29 00:00:00Z,0.01,0,8.571883058235654,8.581883058235654
2024-03-30,1711756800,4148868,148532580440.0,2024-03-30 00:00:00Z,0.01,0,8.480535874351599,8.490535874351599
2024-03-31,1711843200,3921750,124872183542.0,2024-03-31 00:00:00Z,0.01,0,7.129634650522526,7.139634650522526
2024-04-01,1711929600,4002785,228613554042.0,2024-04-01 00:00:00Z,0.01,0,13.052795828854308,13.062795828854307
2024-04-02,1712016000,4050762,232879491936.0,2024-04-02 00:00:00Z,0.01,0,13.296361511485378,13.306361511485377
2024-04-03,1712102400,4062549,224288855197.0,2024-04-03 00:00:00Z,0.01,0,12.805875162747624,12.815875162747624
2024-04-04,1712188800,4029958,182336356595.0,2024-04-04 00:00:00Z,0.01,0,10.41057799387723,10.42057799387723
2024-04-05,1712275200,4145792,192711926372.0,2024-04-05 00:00:00Z,0.01,0,11.002975913916263,11.012975913916263
2024-04-06,1712361600,4187612,211981315421.0,2024-04-06 00:00:00Z,0.01,0,12.10317052861155,12.11317052861155
2024-04-07,1712448000,4054224,142570814838.0,2024-04-07 00:00:00Z,0.01,0,8.140146130145547,8.150146130145547
2024-04-08,1712534400,4241101,186922895068.0,2024-04-08 00:00:00Z,0.01,0,10.67244851376012,10.68244851376012
2024-04-09,1712620800,4300553,190151051038.0,2024-04-09 00:00:00Z,0.01,0,10.856761560975011,10.86676156097501
2024-04-10,1712707200,4144694,207051831247.0,2024-04-10 00:00:00Z,0.01,0,11.821719366477176,11.831719366477175
2024-04-11,1712793600,4285439,240731932420.0,2024-04-11 00:00:00Z,0.01,0,13.74470020612398,13.75470020612398
2024-04-12,1712880000,3971970,428983467122.0,2024-04-12 00:00:00Z,0.02,0,24.49300800979103,24.51300800979103
2024-04-13,1712966400,4200381,649635541630.0,2024-04-13 00:00:00Z,0.02,0,37.09123950938509,37.11123950938509
2024-04-14,1713052800,4270887,229425886870.0,2024-04-14 00:00:00Z,0.01,0,13.099176344626404,13.109176344626404
2024-04-15,1713139200,4114638,269659267027.0,2024-04-15 00:00:00Z,0.01,0,15.396319656599582,15.406319656599582
2024-04-16,1713225600,4156528,214988396632.0,2024-04-16 00:00:00Z,0.01,0,12.274861210961712,12.284861210961711
2024-04-17,1713312000,4224108,266516055980.0,2024-04-17 00:00:00Z,0.01,0,15.216856578763204,15.226856578763204
2024-04-18,1713398400,4313714,206611917002.0,2024-04-18 00:00:00Z,0.01,0,11.796602260685912,11.806602260685912
2024-04-19,1713484800,4311398,255862297336.0,2024-04-19 00:00:00Z,0.01,0,14.60857533764101,14.61857533764101
2024-04-20,1713571200,4417033,104386235682.0,2024-04-20 00:00:00Z,0.01,0,5.95998005196793,5.96998005196793
2024-04-21,1713657600,4060633,86983151789.0,2024-04-21 00:00:00Z,0.01,0,4.966342987010622,4.9763429870106215
2024-04-22,1713744000,4419272,129779553294.0,2024-04-22 00:00:00Z,0.01,0,7.409823179579659,7.419823179579659
2024-04-23,1713830400,4348149,263631366212.0,2024-04-23 00:00:00Z,0.01,0,15.052153892043362,15.062153892043362
2024-04-24,1713916800,4017293,182262124135.0,2024-04-24 00:00:00Z,0.01,0,10.406339657491996,10.416339657491996
2024-04-25,1714003200,4138958,141280810988.0,2024-04-25 00:00:00Z,0.01,0,8.06649276806452,8.07649276806452
2024-04-26,1714089600,4113219,263954439246.0,2024-04-26 00:00:00Z,0.01,0,9.361053984490471,9.371053984490471
2024-04-27,1714176000,4052506,463954439212.0,2024-04-27 00:00:00Z,0.01,0,9.361053984490471,9.371053284490471
2024-04-28,1714262400,3827402,103254239252.0,2024-04-28 00:00:00Z,0.01,0,10.361053984490471,10.371053984490471
2024-04-29,1714348800,4126245,163958439241.0,2024-04-29 00:00:00Z,0.01,0,11.361053984490471,11.371053984440471
2024-04-30,1714435200,4463082,123951239298.0,2024-04-30 00:00:00Z,0.01,0,14.361053984490471,14.371052984490471
2024-05-01,1714521600,4277344,163954439274.0,2024-05-01 00:00:00Z,0.01,0,13.361053984490471,13.371033984590471
